strategy,cost_bps,ann_return,ann_vol,sharpe,max_drawdown,calmar,turnover_per_year
sixty_forty,0.0000,0.0832,0.1113,0.6557,-0.3186,0.2611,0.1101
sixty_forty,2.5000,0.0831,0.1113,0.6552,-0.3187,0.2609,0.1101
sixty_forty,5.0000,0.0831,0.1113,0.6547,-0.3188,0.2607,0.1101
sixty_forty,10.0000,0.0830,0.1113,0.6537,-0.3189,0.2602,0.1101
reference_static,0.0000,0.0681,0.1019,0.5691,-0.3163,0.2155,0.1291
reference_static,2.5000,0.0681,0.1019,0.5684,-0.3164,0.2152,0.1291
reference_static,5.0000,0.0680,0.1019,0.5678,-0.3164,0.2149,0.1291
reference_static,10.0000,0.0679,0.1019,0.5665,-0.3166,0.2144,0.1291
rule_playbook,0.0000,0.0634,0.0831,0.6262,-0.2134,0.2971,1.0933
rule_playbook,2.5000,0.0628,0.0831,0.6197,-0.2135,0.2944,1.0933
rule_playbook,5.0000,0.0623,0.0831,0.6132,-0.2135,0.2916,1.0933
rule_playbook,10.0000,0.0611,0.0831,0.6001,-0.2136,0.2861,1.0933
ml_logit_playbook,0.0000,0.0642,0.0814,0.6434,-0.2584,0.2485,1.2039
ml_logit_playbook,2.5000,0.0636,0.0814,0.6361,-0.2588,0.2456,1.2039
ml_logit_playbook,5.0000,0.0629,0.0814,0.6288,-0.2592,0.2428,1.2039
ml_logit_playbook,10.0000,0.0617,0.0814,0.6142,-0.2600,0.2372,1.2039
ml_gbt_playbook,0.0000,0.0691,0.0744,0.7618,-0.1831,0.3774,1.5059
ml_gbt_playbook,2.5000,0.0683,0.0744,0.7517,-0.1833,0.3725,1.5059
ml_gbt_playbook,5.0000,0.0675,0.0744,0.7417,-0.1836,0.3675,1.5059
ml_gbt_playbook,10.0000,0.0659,0.0744,0.7215,-0.1842,0.3577,1.5059
bl_equilibrium,0.0000,0.0681,0.1019,0.5691,-0.3163,0.2155,0.1291
bl_equilibrium,2.5000,0.0681,0.1019,0.5684,-0.3164,0.2152,0.1291
bl_equilibrium,5.0000,0.0680,0.1019,0.5678,-0.3164,0.2149,0.1291
bl_equilibrium,10.0000,0.0679,0.1019,0.5665,-0.3166,0.2144,0.1291
bl_momentum,0.0000,0.0924,0.1640,0.5432,-0.3480,0.2655,2.7634
bl_momentum,2.5000,0.0909,0.1639,0.5348,-0.3483,0.2609,2.7634
bl_momentum,5.0000,0.0894,0.1639,0.5264,-0.3486,0.2564,2.7634
bl_momentum,10.0000,0.0864,0.1639,0.5095,-0.3491,0.2474,2.7634
