date,logit_blinded_Goldilocks,logit_blinded_Reflation,logit_blinded_Stagflation,logit_blinded_Risk_Off,gbt_blinded_Goldilocks,gbt_blinded_Reflation,gbt_blinded_Stagflation,gbt_blinded_Risk_Off,climatology_Goldilocks,climatology_Reflation,climatology_Stagflation,climatology_Risk_Off
2007-12-31,0.0023,0.9625,0.0199,0.0153,0.2096,0.0915,0.0540,0.6448,0.3387,0.2419,0.2258,0.1935
2008-01-31,0.0008,0.9853,0.0121,0.0018,0.3973,0.1020,0.0467,0.4540,0.3333,0.2540,0.2222,0.1905
2008-02-29,0.0000,0.9995,0.0004,0.0001,0.0876,0.5015,0.0661,0.3448,0.3281,0.2656,0.2188,0.1875
2008-03-31,0.0090,0.2039,0.7675,0.0196,0.1540,0.7419,0.0635,0.0405,0.2923,0.3692,0.1231,0.2154
2008-04-30,0.0105,0.0143,0.9647,0.0105,0.1022,0.1207,0.7482,0.0290,0.2879,0.3636,0.1364,0.2121
2008-05-30,0.0108,0.0015,0.9339,0.0538,0.4639,0.2355,0.1495,0.1512,0.2836,0.3582,0.1343,0.2239
2008-06-30,0.0192,0.0006,0.8968,0.0834,0.1355,0.3401,0.2111,0.3133,0.2794,0.3529,0.1324,0.2353
2008-07-31,0.0592,0.0047,0.8438,0.0923,0.0208,0.2106,0.2576,0.5110,0.2754,0.3478,0.1449,0.2319
2008-08-29,0.6296,0.0089,0.3597,0.0018,0.6388,0.0313,0.1532,0.1767,0.2714,0.3429,0.1571,0.2286
2008-09-30,0.0524,0.5286,0.4183,0.0007,0.5333,0.0492,0.1096,0.3080,0.2676,0.3380,0.1690,0.2254
2008-10-31,0.0010,0.0402,0.9587,0.0000,0.3760,0.0893,0.1750,0.3598,0.2639,0.3333,0.1806,0.2222
2008-11-28,0.1963,0.1077,0.2648,0.4312,0.0190,0.0494,0.1328,0.7987,0.2603,0.3288,0.1781,0.2329
2008-12-31,0.6530,0.0404,0.1565,0.1502,0.0280,0.0363,0.3054,0.6303,0.2568,0.3243,0.1757,0.2432
2009-01-30,0.0006,0.0251,0.9155,0.0588,0.0039,0.0204,0.8733,0.1024,0.2533,0.3200,0.1733,0.2533
2009-02-27,0.0021,0.0245,0.9276,0.0458,0.0026,0.0315,0.8445,0.1214,0.2500,0.3158,0.1842,0.2500
2009-03-31,0.0259,0.0436,0.8055,0.1251,0.0804,0.0357,0.3647,0.5191,0.2078,0.3117,0.1818,0.2987
2009-04-30,0.0130,0.0761,0.7734,0.1375,0.0084,0.1092,0.6704,0.2121,0.2051,0.3077,0.1795,0.3077
2009-05-29,0.0206,0.1473,0.4719,0.3601,0.0063,0.6064,0.2159,0.1715,0.2025,0.3038,0.1772,0.3165
2009-06-30,0.0416,0.1360,0.2091,0.6133,0.0473,0.7591,0.0625,0.1310,0.2000,0.3000,0.1750,0.3250
2009-07-31,0.0766,0.1127,0.0442,0.7665,0.0370,0.4048,0.1458,0.4124,0.1975,0.2963,0.1728,0.3333
2009-08-31,0.1523,0.1002,0.0392,0.7082,0.1407,0.3563,0.0805,0.4225,0.1951,0.2927,0.1707,0.3415
2009-09-30,0.9132,0.0281,0.0170,0.0417,0.3333,0.2701,0.1954,0.2013,0.2048,0.2892,0.1687,0.3373
2009-10-30,0.9004,0.0277,0.0405,0.0314,0.1071,0.2050,0.5371,0.1508,0.2143,0.2857,0.1667,0.3333
2009-11-30,0.0148,0.9820,0.0028,0.0005,0.4271,0.3571,0.1815,0.0343,0.2118,0.2941,0.1647,0.3294
2009-12-31,0.0043,0.9824,0.0124,0.0010,0.0211,0.5741,0.3206,0.0842,0.2093,0.3023,0.1628,0.3256
2010-01-29,0.0443,0.9294,0.0235,0.0027,0.0936,0.8379,0.0421,0.0264,0.2069,0.3103,0.1609,0.3218
2010-02-26,0.0291,0.9492,0.0162,0.0056,0.1305,0.8178,0.0198,0.0320,0.2045,0.3182,0.1591,0.3182
2010-03-31,0.0320,0.9523,0.0091,0.0066,0.0220,0.9466,0.0183,0.0131,0.2022,0.3258,0.1573,0.3146
2010-04-30,0.0389,0.9245,0.0265,0.0101,0.0532,0.9250,0.0105,0.0114,0.2000,0.3333,0.1556,0.3111
2010-05-28,0.2216,0.7026,0.0409,0.0349,0.0530,0.8959,0.0355,0.0156,0.2088,0.3297,0.1538,0.3077
2010-06-30,0.2817,0.4724,0.1609,0.0850,0.1582,0.8171,0.0100,0.0148,0.2174,0.2935,0.1848,0.3043
2010-07-30,0.5157,0.2029,0.1291,0.1522,0.5376,0.3998,0.0270,0.0356,0.2258,0.2903,0.1828,0.3011
2010-08-31,0.7585,0.0840,0.0544,0.1031,0.8805,0.0887,0.0155,0.0152,0.2340,0.2872,0.1809,0.2979
2010-09-30,0.3491,0.2690,0.1491,0.2328,0.6057,0.3270,0.0355,0.0318,0.2421,0.2842,0.1789,0.2947
2010-10-29,0.1096,0.3041,0.1331,0.4531,0.1553,0.4545,0.0719,0.3183,0.2396,0.2812,0.1771,0.3021
2010-11-30,0.1082,0.0874,0.1203,0.6840,0.1473,0.1203,0.0235,0.7089,0.2371,0.2784,0.1753,0.3093
2010-12-31,0.2015,0.2428,0.1126,0.4432,0.2631,0.1539,0.0361,0.5469,0.2347,0.2755,0.1735,0.3163
2011-01-31,0.3034,0.1033,0.1195,0.4738,0.4951,0.2288,0.0427,0.2334,0.2323,0.2727,0.1717,0.3232
2011-02-28,0.4596,0.2979,0.0629,0.1796,0.4243,0.4056,0.1587,0.0113,0.2300,0.2700,0.1900,0.3100
2011-03-31,0.4788,0.4272,0.0222,0.0719,0.3545,0.6123,0.0111,0.0220,0.2574,0.2871,0.1782,0.2772
2011-04-29,0.3209,0.4456,0.1546,0.0788,0.6955,0.0270,0.2640,0.0135,0.2549,0.2647,0.2059,0.2745
2011-05-31,0.3764,0.3416,0.1742,0.1078,0.3839,0.1192,0.4881,0.0088,0.2524,0.2621,0.2136,0.2718
2011-06-30,0.1272,0.5843,0.1732,0.1153,0.5424,0.2915,0.1530,0.0131,0.2500,0.2596,0.2212,0.2692
2011-07-29,0.1433,0.5335,0.1993,0.1239,0.5715,0.1461,0.2771,0.0053,0.2476,0.2571,0.2286,0.2667
2011-08-31,0.0115,0.5135,0.2959,0.1792,0.0180,0.0256,0.4704,0.4860,0.2453,0.2547,0.2358,0.2642
2011-09-30,0.0442,0.1744,0.1090,0.6725,0.0105,0.0292,0.1780,0.7823,0.2430,0.2523,0.2430,0.2617
2011-10-31,0.1390,0.1160,0.2619,0.4830,0.1206,0.0175,0.4424,0.4196,0.2407,0.2500,0.2500,0.2593
2011-11-30,0.0170,0.0234,0.2581,0.7015,0.0255,0.0772,0.2666,0.6307,0.2385,0.2569,0.2477,0.2569
2011-12-30,0.1847,0.0090,0.1411,0.6652,0.3921,0.2073,0.1554,0.2452,0.2364,0.2636,0.2455,0.2545
2012-01-31,0.3905,0.0218,0.1257,0.4620,0.5222,0.0212,0.0902,0.3664,0.2432,0.2613,0.2432,0.2523
2012-02-29,0.5453,0.0239,0.1057,0.3251,0.4716,0.0622,0.1898,0.2765,0.2411,0.2589,0.2411,0.2589
2012-03-30,0.1842,0.1191,0.2604,0.4363,0.0855,0.0829,0.5345,0.2972,0.2478,0.2655,0.2301,0.2566
2012-04-30,0.6013,0.0135,0.0925,0.2927,0.5567,0.0883,0.2357,0.1193,0.2544,0.2632,0.2281,0.2544
2012-05-31,0.8257,0.0167,0.0146,0.1430,0.5743,0.1515,0.0198,0.2544,0.2609,0.2609,0.2261,0.2522
2012-06-29,0.7572,0.0648,0.0095,0.1686,0.6155,0.1519,0.0075,0.2251,0.2672,0.2586,0.2241,0.2500
2012-07-31,0.8631,0.0199,0.0069,0.1100,0.8790,0.0239,0.0025,0.0947,0.2650,0.2564,0.2222,0.2564
2012-08-31,0.2424,0.0841,0.0428,0.6307,0.2754,0.1205,0.3951,0.2089,0.2712,0.2542,0.2203,0.2542
2012-09-28,0.1582,0.1420,0.3046,0.3952,0.3080,0.0737,0.4225,0.1959,0.2605,0.2521,0.2185,0.2689
2012-10-31,0.1057,0.0599,0.3070,0.5274,0.5139,0.0430,0.2330,0.2101,0.2583,0.2500,0.2167,0.2750
2012-11-30,0.0568,0.2028,0.4434,0.2970,0.0746,0.0777,0.8344,0.0134,0.2562,0.2479,0.2231,0.2727
2012-12-31,0.0526,0.1881,0.5662,0.1931,0.0348,0.0088,0.9506,0.0058,0.2541,0.2459,0.2295,0.2705
2013-01-31,0.0184,0.0912,0.7174,0.1730,0.0212,0.0198,0.9476,0.0114,0.2520,0.2439,0.2358,0.2683
2013-02-28,0.2271,0.0370,0.5881,0.1479,0.1393,0.0162,0.8245,0.0201,0.2661,0.2339,0.2339,0.2661
2013-03-28,0.3500,0.0455,0.3911,0.2134,0.1711,0.0095,0.6875,0.1319,0.2880,0.2400,0.2240,0.2480
2013-04-30,0.7971,0.0536,0.0060,0.1433,0.6063,0.0159,0.0437,0.3341,0.2778,0.2381,0.2222,0.2619
2013-05-31,0.0603,0.0400,0.0747,0.8251,0.4548,0.0624,0.1950,0.2878,0.2835,0.2362,0.2205,0.2598
2013-06-28,0.0385,0.0126,0.0142,0.9346,0.2245,0.1036,0.0416,0.6302,0.2812,0.2344,0.2188,0.2656
2013-07-31,0.0443,0.0202,0.2144,0.7211,0.1440,0.0780,0.1465,0.6316,0.2791,0.2326,0.2171,0.2713
2013-08-30,0.0453,0.0939,0.6056,0.2552,0.0385,0.3018,0.0709,0.5889,0.2769,0.2308,0.2231,0.2692
2013-09-30,0.2365,0.2947,0.2173,0.2514,0.0361,0.1360,0.2158,0.6121,0.2748,0.2290,0.2290,0.2672
2013-10-31,0.0554,0.7623,0.0881,0.0942,0.0595,0.1794,0.0930,0.6680,0.2727,0.2348,0.2273,0.2652
2013-11-29,0.1092,0.6711,0.0843,0.1355,0.0752,0.1925,0.1773,0.5551,0.2782,0.2331,0.2256,0.2632
2013-12-31,0.2417,0.3992,0.2200,0.1390,0.4353,0.2428,0.1157,0.2062,0.2836,0.2313,0.2239,0.2612
2014-01-31,0.7175,0.0843,0.0465,0.1517,0.8651,0.0062,0.0254,0.1034,0.2889,0.2296,0.2222,0.2593
2014-02-28,0.3650,0.3146,0.1057,0.2146,0.9189,0.0135,0.0386,0.0291,0.2868,0.2279,0.2279,0.2574
2014-03-31,0.2064,0.2039,0.2349,0.3548,0.4494,0.1387,0.3525,0.0594,0.2847,0.2263,0.2336,0.2555
2014-04-30,0.1967,0.3804,0.3252,0.0977,0.1547,0.2961,0.4825,0.0667,0.2826,0.2101,0.2536,0.2536
2014-05-30,0.3651,0.2028,0.2637,0.1685,0.2279,0.1994,0.5266,0.0461,0.2806,0.2158,0.2518,0.2518
2014-06-30,0.1080,0.4951,0.3123,0.0845,0.2352,0.0868,0.6350,0.0430,0.2786,0.2214,0.2500,0.2500
2014-07-31,0.0593,0.3793,0.4404,0.1210,0.1543,0.0993,0.7152,0.0312,0.2766,0.2199,0.2553,0.2482
2014-08-29,0.0803,0.7615,0.0941,0.0641,0.2302,0.2165,0.3413,0.2120,0.2746,0.2254,0.2535,0.2465
2014-09-30,0.0209,0.3468,0.1825,0.4498,0.1967,0.1713,0.4532,0.1788,0.2727,0.2308,0.2517,0.2448
2014-10-31,0.3537,0.2122,0.0767,0.3574,0.6382,0.0210,0.0464,0.2944,0.2778,0.2292,0.2500,0.2431
2014-11-28,0.3187,0.1049,0.0778,0.4986,0.4159,0.0179,0.0403,0.5260,0.2759,0.2276,0.2483,0.2483
2014-12-31,0.6652,0.0880,0.0331,0.2137,0.6734,0.0227,0.0303,0.2736,0.2808,0.2260,0.2466,0.2466
2015-01-30,0.6703,0.1231,0.0349,0.1717,0.4979,0.0424,0.0305,0.4291,0.2857,0.2245,0.2449,0.2449
2015-02-27,0.0666,0.2751,0.0226,0.6357,0.3090,0.1494,0.0888,0.4528,0.2770,0.2230,0.2500,0.2500
2015-03-31,0.2631,0.0414,0.1377,0.5578,0.0305,0.0195,0.1111,0.8389,0.2752,0.2215,0.2483,0.2550
2015-04-30,0.0569,0.0338,0.1509,0.7583,0.1140,0.0248,0.3873,0.4739,0.2733,0.2200,0.2467,0.2600
2015-05-29,0.0261,0.0402,0.1821,0.7516,0.1103,0.0339,0.3383,0.5174,0.2715,0.2185,0.2450,0.2649
2015-06-30,0.0035,0.0195,0.1087,0.8683,0.0900,0.0132,0.2846,0.6122,0.2697,0.2171,0.2434,0.2697
2015-07-31,0.2461,0.0078,0.0126,0.7335,0.0551,0.0063,0.0770,0.8616,0.2680,0.2157,0.2484,0.2680
2015-08-31,0.0114,0.0692,0.0337,0.8857,0.0350,0.0276,0.3373,0.6001,0.2662,0.2143,0.2532,0.2662
2015-09-30,0.0747,0.0514,0.0165,0.8575,0.0474,0.0267,0.2703,0.6556,0.2645,0.2129,0.2581,0.2645
2015-10-30,0.0567,0.5108,0.1218,0.3107,0.0140,0.0735,0.2527,0.6598,0.2628,0.2115,0.2628,0.2628
2015-11-30,0.0670,0.0330,0.2164,0.6836,0.0656,0.1067,0.2766,0.5511,0.2611,0.2102,0.2611,0.2675
2015-12-31,0.0433,0.0890,0.3352,0.5326,0.0280,0.1855,0.5123,0.2742,0.2595,0.2089,0.2595,0.2722
2016-01-29,0.0425,0.2051,0.2870,0.4654,0.0559,0.1304,0.0882,0.7255,0.2579,0.2075,0.2642,0.2704
2016-02-29,0.0948,0.6449,0.1339,0.1264,0.0207,0.1215,0.3296,0.5282,0.2625,0.2000,0.2687,0.2687
2016-03-31,0.2035,0.6362,0.1312,0.0291,0.0842,0.1184,0.1365,0.6608,0.2609,0.1988,0.2733,0.2671
2016-04-29,0.0979,0.6140,0.2242,0.0638,0.0495,0.1456,0.5240,0.2809,0.2654,0.1975,0.2778,0.2593
2016-05-31,0.2277,0.4264,0.1065,0.2394,0.1323,0.1426,0.5933,0.1318,0.2638,0.2086,0.2699,0.2577
2016-06-30,0.3253,0.5944,0.0136,0.0667,0.0692,0.4008,0.1252,0.4048,0.2622,0.2134,0.2683,0.2561
2016-07-29,0.2278,0.7521,0.0028,0.0173,0.2992,0.5957,0.0256,0.0795,0.2606,0.2182,0.2667,0.2545
2016-08-31,0.1121,0.8210,0.0423,0.0246,0.0402,0.7993,0.0661,0.0944,0.2590,0.2229,0.2651,0.2530
2016-09-30,0.1931,0.6748,0.0834,0.0486,0.1874,0.6184,0.1337,0.0605,0.2635,0.2216,0.2635,0.2515
2016-10-31,0.1159,0.3739,0.2908,0.2193,0.1049,0.3184,0.3515,0.2253,0.2679,0.2202,0.2619,0.2500
2016-11-30,0.0675,0.1527,0.7482,0.0316,0.1527,0.3401,0.4549,0.0523,0.2663,0.2189,0.2663,0.2485
2016-12-30,0.1331,0.0676,0.7918,0.0075,0.1031,0.3968,0.4903,0.0099,0.2647,0.2235,0.2647,0.2471
2017-01-31,0.2214,0.1784,0.5948,0.0054,0.0774,0.6709,0.2476,0.0040,0.2632,0.2281,0.2632,0.2456
2017-02-28,0.2089,0.6189,0.1675,0.0046,0.0838,0.8538,0.0530,0.0093,0.2674,0.2267,0.2616,0.2442
2017-03-31,0.2046,0.7127,0.0771,0.0056,0.1713,0.5427,0.2750,0.0110,0.2486,0.2370,0.2543,0.2601
2017-04-28,0.1972,0.7162,0.0748,0.0118,0.3271,0.3263,0.3247,0.0219,0.2471,0.2414,0.2529,0.2586
2017-05-31,0.1876,0.7632,0.0317,0.0174,0.3097,0.5289,0.1307,0.0307,0.2457,0.2457,0.2514,0.2571
2017-06-30,0.1960,0.6029,0.1139,0.0872,0.1912,0.5910,0.1201,0.0977,0.2500,0.2443,0.2500,0.2557
2017-07-31,0.1071,0.6659,0.1470,0.0799,0.3095,0.2564,0.3245,0.1096,0.2542,0.2429,0.2486,0.2542
2017-08-31,0.1600,0.6466,0.1073,0.0861,0.2362,0.2300,0.2473,0.2865,0.2584,0.2416,0.2472,0.2528
2017-09-29,0.2407,0.4638,0.2157,0.0798,0.1893,0.2141,0.5285,0.0681,0.2626,0.2402,0.2458,0.2514
2017-10-31,0.3577,0.3415,0.1561,0.1447,0.2122,0.1620,0.4824,0.1434,0.2556,0.2389,0.2500,0.2556
2017-11-30,0.3980,0.3572,0.1316,0.1132,0.5718,0.2237,0.0617,0.1428,0.2541,0.2431,0.2486,0.2541
2017-12-29,0.4418,0.4193,0.0529,0.0860,0.5707,0.2897,0.0616,0.0779,0.2527,0.2473,0.2473,0.2527
2018-01-31,0.0946,0.7617,0.0984,0.0454,0.0811,0.6058,0.0803,0.2328,0.2514,0.2514,0.2459,0.2514
2018-02-28,0.0152,0.7831,0.1074,0.0943,0.0109,0.4916,0.4413,0.0561,0.2446,0.2609,0.2446,0.2500
2018-03-29,0.0257,0.8966,0.0133,0.0644,0.1139,0.7367,0.0331,0.1162,0.2378,0.2703,0.2378,0.2541
2018-04-30,0.0145,0.9072,0.0117,0.0667,0.0330,0.8188,0.1375,0.0106,0.2366,0.2742,0.2366,0.2527
2018-05-31,0.7260,0.1924,0.0249,0.0567,0.5929,0.2877,0.0500,0.0693,0.2353,0.2781,0.2353,0.2513
2018-06-29,0.5730,0.2472,0.0745,0.1053,0.6619,0.0356,0.2101,0.0924,0.2340,0.2819,0.2340,0.2500
2018-07-31,0.7532,0.0881,0.0547,0.1039,0.5039,0.0876,0.2131,0.1953,0.2328,0.2857,0.2328,0.2487
2018-08-31,0.4342,0.2297,0.1113,0.2249,0.5792,0.1326,0.1815,0.1067,0.2316,0.2895,0.2316,0.2474
2018-09-28,0.1955,0.0820,0.3484,0.3740,0.0748,0.2918,0.4341,0.1994,0.2304,0.2880,0.2356,0.2461
2018-10-31,0.0032,0.0507,0.2822,0.6638,0.0386,0.0895,0.3104,0.5616,0.2344,0.2865,0.2344,0.2448
2018-11-30,0.0218,0.0159,0.2736,0.6887,0.0808,0.0312,0.5459,0.3421,0.2383,0.2850,0.2332,0.2435
2018-12-31,0.0042,0.0297,0.1278,0.8383,0.1102,0.0271,0.1640,0.6987,0.2423,0.2835,0.2320,0.2423
2019-01-31,0.1497,0.0399,0.2069,0.6035,0.1263,0.0271,0.0330,0.8136,0.2410,0.2821,0.2308,0.2462
2019-02-28,0.0213,0.0480,0.1561,0.7746,0.0206,0.0122,0.1026,0.8646,0.2398,0.2806,0.2296,0.2500
2019-03-29,0.2558,0.0177,0.0731,0.6533,0.0895,0.0179,0.1672,0.7254,0.2386,0.2640,0.2437,0.2538
2019-04-30,0.0311,0.0356,0.1340,0.7993,0.0225,0.0230,0.2282,0.7263,0.2374,0.2626,0.2424,0.2576
2019-05-31,0.0372,0.0533,0.1225,0.7871,0.0745,0.1241,0.3006,0.5008,0.2362,0.2613,0.2412,0.2613
2019-06-28,0.0565,0.5249,0.2783,0.1403,0.3872,0.3530,0.1417,0.1181,0.2350,0.2600,0.2450,0.2600
2019-07-31,0.0215,0.4227,0.3859,0.1698,0.2438,0.1039,0.2884,0.3639,0.2338,0.2587,0.2488,0.2587
2019-08-30,0.0725,0.6921,0.1104,0.1249,0.3234,0.2083,0.1497,0.3186,0.2327,0.2574,0.2475,0.2624
2019-09-30,0.0182,0.6249,0.1763,0.1806,0.2537,0.1899,0.1457,0.4107,0.2315,0.2562,0.2463,0.2660
2019-10-31,0.0826,0.4073,0.3815,0.1287,0.0782,0.4173,0.1671,0.3373,0.2304,0.2549,0.2451,0.2696
2019-11-29,0.2004,0.2380,0.4619,0.0997,0.1075,0.4531,0.1550,0.2843,0.2293,0.2537,0.2439,0.2732
2019-12-31,0.0691,0.1223,0.7990,0.0097,0.0312,0.3291,0.4923,0.1474,0.2282,0.2524,0.2476,0.2718
2020-01-31,0.5979,0.2047,0.1692,0.0281,0.3751,0.1069,0.1707,0.3473,0.2271,0.2512,0.2512,0.2705
2020-02-28,0.2471,0.2944,0.0175,0.4410,0.0609,0.1067,0.0720,0.7605,0.2212,0.2548,0.2548,0.2692
2020-03-31,0.0028,0.0108,0.0049,0.9814,0.0054,0.0181,0.0542,0.9223,0.2201,0.2536,0.2584,0.2679
2020-04-30,0.0024,0.0873,0.1472,0.7631,0.0112,0.0354,0.1436,0.8098,0.2190,0.2524,0.2619,0.2667
2020-05-29,0.0011,0.0575,0.4542,0.4872,0.0120,0.0200,0.4725,0.4954,0.2180,0.2512,0.2607,0.2701
2020-06-30,0.0019,0.0540,0.7669,0.1772,0.0588,0.0354,0.2330,0.6728,0.2170,0.2500,0.2594,0.2736
2020-07-31,0.0275,0.3852,0.3549,0.2324,0.0599,0.1685,0.1785,0.5931,0.2160,0.2488,0.2582,0.2770
2020-08-31,0.1817,0.3279,0.4339,0.0565,0.0746,0.1912,0.4689,0.2654,0.2150,0.2477,0.2570,0.2804
2020-09-30,0.1326,0.2596,0.1783,0.4296,0.3833,0.1742,0.1488,0.2937,0.2140,0.2512,0.2558,0.2791
2020-10-30,0.0400,0.1186,0.3187,0.5227,0.3618,0.0968,0.4555,0.0859,0.2130,0.2546,0.2546,0.2778
2020-11-30,0.3144,0.1754,0.1800,0.3303,0.4403,0.2492,0.2493,0.0611,0.2120,0.2581,0.2535,0.2765
2020-12-31,0.1137,0.4829,0.2438,0.1596,0.1107,0.6924,0.1608,0.0361,0.2110,0.2615,0.2523,0.2752
2021-01-29,0.3410,0.2716,0.2197,0.1677,0.1156,0.6872,0.1885,0.0087,0.2146,0.2603,0.2511,0.2740
2021-02-26,0.0570,0.3952,0.5043,0.0435,0.1014,0.6550,0.2098,0.0337,0.2227,0.2545,0.2545,0.2682
2021-03-31,0.0607,0.4403,0.4925,0.0065,0.1009,0.6333,0.2308,0.0351,0.2217,0.2579,0.2534,0.2670
2021-04-30,0.2066,0.6438,0.1473,0.0023,0.3061,0.6042,0.0536,0.0361,0.2207,0.2613,0.2523,0.2658
2021-05-28,0.1544,0.7691,0.0757,0.0008,0.1370,0.8112,0.0413,0.0106,0.2152,0.2825,0.2332,0.2691
2021-06-30,0.7079,0.2750,0.0165,0.0006,0.3730,0.5450,0.0545,0.0276,0.2143,0.2857,0.2321,0.2679
2021-07-30,0.7546,0.2121,0.0322,0.0010,0.4411,0.4339,0.0905,0.0345,0.2133,0.2889,0.2311,0.2667
2021-08-31,0.6588,0.1057,0.2270,0.0084,0.3153,0.3420,0.3246,0.0181,0.2124,0.2920,0.2301,0.2655
2021-09-30,0.1342,0.1673,0.6721,0.0263,0.1928,0.3081,0.4113,0.0879,0.2115,0.2907,0.2335,0.2643
2021-10-29,0.4470,0.1071,0.4326,0.0133,0.6842,0.1929,0.0824,0.0404,0.2105,0.2895,0.2368,0.2632
2021-11-30,0.5189,0.0481,0.3849,0.0481,0.3380,0.0916,0.4048,0.1656,0.2096,0.2882,0.2402,0.2620
2021-12-31,0.3907,0.0783,0.5105,0.0205,0.2090,0.1488,0.5956,0.0466,0.2087,0.2870,0.2435,0.2609
2022-01-31,0.1568,0.0725,0.7018,0.0689,0.2780,0.1104,0.5586,0.0530,0.2078,0.2857,0.2468,0.2597
2022-02-28,0.0429,0.0677,0.8576,0.0318,0.2919,0.4363,0.2363,0.0354,0.2026,0.2888,0.2457,0.2629
2022-03-31,0.0107,0.0796,0.8752,0.0344,0.1236,0.6264,0.2210,0.0290,0.2017,0.2918,0.2446,0.2618
2022-04-29,0.0092,0.1251,0.7891,0.0766,0.2428,0.1549,0.2297,0.3726,0.2009,0.2906,0.2479,0.2607
2022-05-31,0.2367,0.0106,0.6104,0.1423,0.6865,0.0240,0.0362,0.2532,0.2000,0.2936,0.2468,0.2596
2022-06-30,0.1908,0.0309,0.3234,0.4549,0.1681,0.0227,0.0273,0.7818,0.1992,0.3008,0.2415,0.2585
2022-07-29,0.6781,0.0056,0.1519,0.1644,0.7619,0.0121,0.0668,0.1592,0.1983,0.2996,0.2447,0.2574
2022-08-31,0.0942,0.0277,0.4555,0.4226,0.2200,0.0430,0.4051,0.3320,0.1975,0.2941,0.2521,0.2563
2022-09-30,0.0057,0.0104,0.8424,0.1416,0.0481,0.0369,0.7423,0.1727,0.1967,0.2929,0.2552,0.2552
2022-10-31,0.0092,0.0243,0.8224,0.1441,0.1282,0.0334,0.6030,0.2354,0.1958,0.2917,0.2542,0.2583
2022-11-30,0.2130,0.2163,0.3133,0.2574,0.3496,0.1342,0.1265,0.3898,0.1950,0.2905,0.2531,0.2614
2022-12-30,0.0651,0.2216,0.2847,0.4286,0.1202,0.1221,0.5094,0.2484,0.1983,0.2893,0.2521,0.2603
2023-01-31,0.1475,0.4721,0.1038,0.2767,0.1342,0.6807,0.0910,0.0941,0.1975,0.2881,0.2510,0.2634
2023-02-28,0.0122,0.1155,0.2973,0.5749,0.0183,0.2829,0.3289,0.3699,0.1885,0.2910,0.2541,0.2664
2023-03-31,0.1972,0.1012,0.1453,0.5564,0.0957,0.1510,0.0944,0.6589,0.1959,0.2898,0.2531,0.2612
2023-04-28,0.0771,0.1339,0.3305,0.4586,0.0555,0.5460,0.0942,0.3043,0.1951,0.2886,0.2520,0.2642
2023-05-31,0.1569,0.0485,0.2477,0.5469,0.0382,0.0892,0.1032,0.7693,0.1943,0.2874,0.2510,0.2672
2023-06-30,0.1394,0.1719,0.3716,0.3170,0.0654,0.3249,0.1043,0.5054,0.1935,0.2863,0.2500,0.2702
2023-07-31,0.2945,0.2164,0.3479,0.1412,0.0633,0.2636,0.1618,0.5114,0.1928,0.2851,0.2490,0.2731
2023-08-31,0.0699,0.1068,0.5038,0.3195,0.0426,0.3090,0.1544,0.4939,0.1920,0.2840,0.2480,0.2760
2023-09-29,0.0148,0.0804,0.4206,0.4841,0.0703,0.5012,0.1336,0.2949,0.1912,0.2829,0.2470,0.2789
2023-10-31,0.0685,0.2673,0.4075,0.2567,0.0771,0.7316,0.1535,0.0378,0.1944,0.2817,0.2460,0.2778
2023-11-30,0.1297,0.0992,0.2665,0.5046,0.1903,0.2982,0.1967,0.3147,0.1897,0.2806,0.2490,0.2806
2023-12-29,0.1879,0.0465,0.1801,0.5855,0.2384,0.1413,0.1792,0.4411,0.1890,0.2795,0.2480,0.2835
2024-01-31,0.1877,0.0084,0.2112,0.5926,0.1680,0.0544,0.3480,0.4296,0.1882,0.2784,0.2471,0.2863
2024-02-29,0.4607,0.1115,0.1968,0.2310,0.3395,0.2144,0.2544,0.1917,0.1992,0.2734,0.2461,0.2812
2024-03-28,0.3512,0.3347,0.2001,0.1140,0.5632,0.1122,0.1826,0.1420,0.2023,0.2724,0.2451,0.2802
2024-04-30,0.0922,0.6300,0.1778,0.1000,0.3922,0.1476,0.3417,0.1185,0.2016,0.2713,0.2481,0.2791
2024-05-31,0.1235,0.6973,0.0727,0.1064,0.5239,0.2813,0.1198,0.0750,0.2008,0.2703,0.2510,0.2780
2024-06-28,0.5701,0.1743,0.1080,0.1477,0.2880,0.2155,0.4078,0.0887,0.2000,0.2731,0.2500,0.2769
2024-07-31,0.4566,0.1270,0.0292,0.3872,0.4434,0.1203,0.1921,0.2441,0.2031,0.2720,0.2490,0.2759
2024-08-30,0.5193,0.1762,0.0250,0.2795,0.3461,0.1594,0.2698,0.2247,0.2061,0.2710,0.2481,0.2748
2024-09-30,0.2781,0.4370,0.0414,0.2436,0.1352,0.6713,0.0889,0.1046,0.2091,0.2700,0.2471,0.2738
2024-10-31,0.0489,0.7787,0.0974,0.0750,0.1233,0.4879,0.3422,0.0465,0.2083,0.2689,0.2462,0.2765
2024-11-29,0.6566,0.0914,0.0662,0.1857,0.6525,0.0639,0.2112,0.0725,0.2075,0.2679,0.2453,0.2792
2024-12-31,0.7417,0.0497,0.1504,0.0583,0.3942,0.1332,0.3734,0.0991,0.2068,0.2669,0.2444,0.2820
2025-01-31,0.8124,0.0566,0.0582,0.0728,0.3388,0.4234,0.1525,0.0853,0.2060,0.2697,0.2434,0.2809
2025-02-28,0.5065,0.2546,0.0339,0.2050,0.3772,0.3436,0.0632,0.2160,0.2015,0.2761,0.2425,0.2799
2025-03-31,0.0997,0.4734,0.0253,0.4016,0.1078,0.6642,0.0425,0.1855,0.2007,0.2788,0.2416,0.2788
2025-04-30,0.0043,0.6287,0.0071,0.3600,0.0436,0.4572,0.2728,0.2264,0.2000,0.2815,0.2407,0.2778
2025-05-30,0.0050,0.7490,0.0176,0.2284,0.0524,0.5644,0.2023,0.1809,0.2030,0.2804,0.2399,0.2768
2025-06-30,0.0214,0.7945,0.0221,0.1620,0.0846,0.5977,0.0913,0.2264,0.2059,0.2794,0.2390,0.2757
2025-07-31,0.1114,0.7924,0.0655,0.0308,0.2602,0.5274,0.1584,0.0540,0.2051,0.2784,0.2381,0.2784
2025-08-29,0.0458,0.8878,0.0455,0.0209,0.1645,0.5550,0.1644,0.1161,0.2044,0.2774,0.2409,0.2774
2025-09-30,0.0323,0.9492,0.0084,0.0100,0.2314,0.6306,0.0737,0.0643,0.2000,0.2800,0.2400,0.2800
2025-10-31,0.0548,0.7031,0.0331,0.2090,0.2973,0.1660,0.1289,0.4079,0.2000,0.2800,0.2400,0.2800
2025-11-28,0.0247,0.8296,0.0881,0.0576,0.0390,0.3043,0.4319,0.2248,0.2109,0.2764,0.2436,0.2691
2025-12-31,0.0373,0.6408,0.0383,0.2836,0.0270,0.6189,0.2680,0.0861,0.2094,0.2852,0.2383,0.2671
2026-01-30,0.2890,0.4815,0.0208,0.2087,0.0627,0.8857,0.0284,0.0233,0.2122,0.2842,0.2374,0.2662
2026-02-27,0.2256,0.6261,0.0247,0.1236,0.1515,0.6901,0.0431,0.1153,0.2158,0.2806,0.2374,0.2662
2026-03-31,0.2261,0.5284,0.0168,0.2288,0.2161,0.4948,0.1292,0.1600,0.2151,0.2796,0.2366,0.2688
2026-04-30,0.8764,0.0934,0.0061,0.0241,0.5286,0.3208,0.0590,0.0916,0.2107,0.2786,0.2357,0.2750
2026-05-29,0.4173,0.5485,0.0159,0.0183,0.1367,0.5866,0.2424,0.0344,0.2100,0.2776,0.2384,0.2740
