date,rule,realised_forward,logit_Goldilocks,logit_Reflation,logit_Stagflation,logit_Risk_Off,gbt_Goldilocks,gbt_Reflation,gbt_Stagflation,gbt_Risk_Off
2007-12-31,Stagflation,Stagflation,0.1444,0.3652,0.0364,0.4540,0.0501,0.0600,0.3057,0.5842
2008-01-31,Reflation,Stagflation,0.0180,0.7712,0.0130,0.1978,0.1116,0.2193,0.2441,0.4249
2008-02-29,Reflation,Risk_Off,0.0011,0.9800,0.0014,0.0175,0.0172,0.6180,0.1549,0.2099
2008-03-31,Reflation,Risk_Off,0.0119,0.8157,0.1102,0.0623,0.0758,0.6087,0.1715,0.1440
2008-04-30,Stagflation,Stagflation,0.1810,0.0587,0.5929,0.1674,0.2989,0.4143,0.2699,0.0168
2008-05-30,Stagflation,Stagflation,0.0233,0.0013,0.0018,0.9735,0.4904,0.1467,0.0127,0.3501
2008-06-30,Stagflation,Stagflation,0.0112,0.0058,0.0028,0.9802,0.0772,0.3675,0.0407,0.5146
2008-07-31,Stagflation,Stagflation,0.0798,0.0660,0.0268,0.8274,0.0473,0.2013,0.0872,0.6642
2008-08-29,Stagflation,Risk_Off,0.7284,0.0431,0.0238,0.2047,0.1263,0.0175,0.0795,0.7767
2008-09-30,Stagflation,Risk_Off,0.0159,0.6572,0.2856,0.0413,0.0161,0.1171,0.1787,0.6881
2008-10-31,Stagflation,Risk_Off,0.0000,0.0011,0.9989,0.0000,0.0226,0.2332,0.2647,0.4795
2008-11-28,Stagflation,Risk_Off,0.0000,0.0063,0.0876,0.9061,0.0626,0.3496,0.0842,0.5035
2008-12-31,Risk_Off,Risk_Off,0.0000,0.0018,0.0140,0.9841,0.1012,0.2842,0.2991,0.3154
2009-01-30,Risk_Off,Risk_Off,0.0000,0.0072,0.0458,0.9470,0.0036,0.1178,0.1814,0.6972
2009-02-27,Risk_Off,Risk_Off,0.0000,0.0123,0.0324,0.9553,0.0052,0.2844,0.1616,0.5488
2009-03-31,Risk_Off,Risk_Off,0.0012,0.0900,0.0353,0.8735,0.0520,0.6006,0.0272,0.3202
2009-04-30,Risk_Off,Risk_Off,0.0104,0.2273,0.0292,0.7331,0.0044,0.7208,0.0154,0.2595
2009-05-29,Risk_Off,Risk_Off,0.0519,0.7120,0.0088,0.2272,0.0118,0.4713,0.0214,0.4955
2009-06-30,Risk_Off,Goldilocks,0.0668,0.7278,0.0049,0.2004,0.0059,0.6366,0.0704,0.2870
2009-07-31,Risk_Off,Goldilocks,0.1696,0.5785,0.0065,0.2454,0.0146,0.0913,0.0398,0.8543
2009-08-31,Risk_Off,Reflation,0.1913,0.3198,0.0072,0.4817,0.0147,0.0049,0.0234,0.9570
2009-09-30,Risk_Off,Reflation,0.7576,0.1588,0.0069,0.0768,0.1464,0.0398,0.0186,0.7953
2009-10-30,Goldilocks,Reflation,0.2437,0.5885,0.0549,0.1128,0.0216,0.7039,0.0219,0.2527
2009-11-30,Goldilocks,Reflation,0.0415,0.9478,0.0082,0.0025,0.6725,0.2256,0.0068,0.0951
2009-12-31,Reflation,Reflation,0.0043,0.9937,0.0017,0.0003,0.2373,0.7151,0.0110,0.0365
2010-01-29,Reflation,Reflation,0.0315,0.9576,0.0087,0.0022,0.3110,0.6573,0.0148,0.0169
2010-02-26,Reflation,Goldilocks,0.0112,0.9785,0.0064,0.0039,0.1548,0.8130,0.0116,0.0206
2010-03-31,Reflation,Goldilocks,0.0093,0.9876,0.0010,0.0021,0.1884,0.7443,0.0196,0.0477
2010-04-30,Reflation,Goldilocks,0.0124,0.9722,0.0057,0.0097,0.1318,0.8403,0.0062,0.0217
2010-05-28,Reflation,Goldilocks,0.0000,0.9980,0.0004,0.0016,0.1885,0.0406,0.0100,0.7609
2010-06-30,Reflation,Goldilocks,0.0034,0.7609,0.0519,0.1839,0.1577,0.6769,0.0376,0.1278
2010-07-30,Reflation,Risk_Off,0.1946,0.2164,0.0723,0.5167,0.4015,0.3788,0.0397,0.1800
2010-08-31,Goldilocks,Risk_Off,0.6483,0.1079,0.0586,0.1852,0.4148,0.4303,0.0266,0.1284
2010-09-30,Goldilocks,Risk_Off,0.3120,0.1465,0.1642,0.3774,0.7650,0.0639,0.0161,0.1551
2010-10-29,Goldilocks,Stagflation,0.0712,0.2034,0.1786,0.5469,0.1800,0.0973,0.0071,0.7156
2010-11-30,Goldilocks,Stagflation,0.0481,0.1321,0.1089,0.7109,0.0405,0.0150,0.0058,0.9388
2010-12-31,Risk_Off,Stagflation,0.1081,0.3454,0.1484,0.3982,0.1179,0.6409,0.0024,0.2389
2011-01-31,Risk_Off,Stagflation,0.2089,0.2866,0.1122,0.3923,0.1796,0.4908,0.0032,0.3264
2011-02-28,Risk_Off,Stagflation,0.3129,0.4512,0.0985,0.1373,0.3473,0.4081,0.0118,0.2327
2011-03-31,Stagflation,Stagflation,0.5601,0.3438,0.0328,0.0632,0.0931,0.8660,0.0051,0.0358
2011-04-29,Stagflation,Stagflation,0.4248,0.2989,0.2173,0.0590,0.1946,0.1706,0.3325,0.3023
2011-05-31,Stagflation,Stagflation,0.4627,0.1853,0.2418,0.1102,0.0152,0.9573,0.0186,0.0089
2011-06-30,Stagflation,Stagflation,0.1048,0.3313,0.3302,0.2337,0.0995,0.4710,0.0789,0.3506
2011-07-29,Stagflation,Stagflation,0.1176,0.4149,0.2256,0.2419,0.4021,0.0236,0.3032,0.2710
2011-08-31,Stagflation,Reflation,0.0119,0.2323,0.3704,0.3854,0.0076,0.0110,0.0883,0.8931
2011-09-30,Stagflation,Goldilocks,0.0836,0.0280,0.0147,0.8737,0.0659,0.0354,0.2006,0.6981
2011-10-31,Stagflation,Goldilocks,0.3138,0.0148,0.1404,0.5309,0.0586,0.0077,0.5097,0.4240
2011-11-30,Stagflation,Goldilocks,0.1175,0.0194,0.1594,0.7037,0.1186,0.0506,0.2606,0.5702
2011-12-30,Stagflation,Goldilocks,0.1968,0.0065,0.0964,0.7003,0.1701,0.1049,0.0615,0.6634
2012-01-31,Risk_Off,Goldilocks,0.4879,0.0142,0.1156,0.3824,0.1500,0.0546,0.0236,0.7718
2012-02-29,Goldilocks,Goldilocks,0.4883,0.0058,0.1393,0.3666,0.2030,0.0560,0.0724,0.6687
2012-03-30,Goldilocks,Risk_Off,0.7371,0.0164,0.1857,0.0607,0.3336,0.2872,0.2300,0.1492
2012-04-30,Goldilocks,Goldilocks,0.9480,0.0053,0.0117,0.0349,0.6192,0.0262,0.2811,0.0735
2012-05-31,Goldilocks,Risk_Off,0.9192,0.0266,0.0031,0.0511,0.1891,0.0723,0.5635,0.1752
2012-06-29,Goldilocks,Risk_Off,0.9560,0.0104,0.0017,0.0319,0.6353,0.0648,0.2327,0.0672
2012-07-31,Goldilocks,Risk_Off,0.8647,0.0198,0.0013,0.1142,0.5151,0.0711,0.1345,0.2793
2012-08-31,Goldilocks,Stagflation,0.6513,0.0752,0.0310,0.2425,0.2015,0.0326,0.4845,0.2814
2012-09-28,Risk_Off,Stagflation,0.1600,0.1624,0.3856,0.2920,0.4348,0.1141,0.2840,0.1671
2012-10-31,Risk_Off,Stagflation,0.1444,0.1002,0.2915,0.4638,0.3348,0.1378,0.2966,0.2309
2012-11-30,Risk_Off,Risk_Off,0.1037,0.0669,0.6677,0.1617,0.0371,0.0223,0.7946,0.1460
2012-12-31,Risk_Off,Risk_Off,0.0482,0.1187,0.7525,0.0806,0.0039,0.0422,0.9474,0.0065
2013-01-31,Risk_Off,Risk_Off,0.0419,0.0689,0.7939,0.0953,0.0049,0.0219,0.9672,0.0060
2013-02-28,Stagflation,Goldilocks,0.2921,0.0717,0.4665,0.1697,0.3790,0.0641,0.5340,0.0229
2013-03-28,Stagflation,Goldilocks,0.3872,0.0325,0.3555,0.2247,0.3331,0.0155,0.2615,0.3899
2013-04-30,Risk_Off,Risk_Off,0.4780,0.0250,0.0159,0.4811,0.2369,0.0066,0.1183,0.6382
2013-05-31,Risk_Off,Stagflation,0.1142,0.0682,0.1818,0.6358,0.0843,0.0173,0.1145,0.7838
2013-06-28,Risk_Off,Stagflation,0.0946,0.0500,0.0534,0.8020,0.0886,0.0343,0.2046,0.6725
2013-07-31,Risk_Off,Reflation,0.1341,0.1525,0.2576,0.4558,0.1467,0.0166,0.0769,0.7598
2013-08-30,Risk_Off,Goldilocks,0.1687,0.3462,0.3803,0.1048,0.1098,0.0470,0.2471,0.5961
2013-09-30,Risk_Off,Goldilocks,0.4907,0.2488,0.1480,0.1124,0.3022,0.0270,0.3415,0.3293
2013-10-31,Goldilocks,Goldilocks,0.2807,0.5286,0.1009,0.0899,0.3277,0.1593,0.1055,0.4074
2013-11-29,Goldilocks,Stagflation,0.4841,0.2980,0.0869,0.1310,0.2203,0.0723,0.4262,0.2812
2013-12-31,Goldilocks,Stagflation,0.4141,0.4093,0.1129,0.0637,0.4437,0.0178,0.5175,0.0210
2014-01-31,Goldilocks,Stagflation,0.5780,0.2942,0.0437,0.0841,0.8066,0.0244,0.1191,0.0500
2014-02-28,Goldilocks,Reflation,0.4106,0.2748,0.1762,0.1384,0.6651,0.0935,0.1862,0.0553
2014-03-31,Goldilocks,Reflation,0.2470,0.1518,0.4163,0.1848,0.4667,0.1197,0.2600,0.1536
2014-04-30,Goldilocks,Reflation,0.2065,0.1798,0.5093,0.1044,0.3023,0.4722,0.1854,0.0401
2014-05-30,Reflation,Reflation,0.3155,0.1322,0.3073,0.2451,0.6415,0.0435,0.2001,0.1149
2014-06-30,Reflation,Goldilocks,0.1364,0.2498,0.4821,0.1316,0.6170,0.0213,0.3166,0.0450
2014-07-31,Reflation,Goldilocks,0.1470,0.1416,0.5883,0.1232,0.5161,0.0879,0.3131,0.0829
2014-08-29,Reflation,Risk_Off,0.2741,0.3240,0.2584,0.1435,0.6740,0.1859,0.0687,0.0714
2014-09-30,Reflation,Risk_Off,0.0693,0.2178,0.2475,0.4653,0.1087,0.1301,0.5422,0.2190
2014-10-31,Reflation,Risk_Off,0.3383,0.0999,0.0970,0.4648,0.6256,0.1070,0.0793,0.1880
2014-11-28,Reflation,Goldilocks,0.3033,0.0274,0.0399,0.6294,0.4317,0.0518,0.1051,0.4114
2014-12-31,Goldilocks,Risk_Off,0.4553,0.0323,0.0565,0.4558,0.7620,0.0088,0.0534,0.1757
2015-01-30,Goldilocks,Risk_Off,0.4900,0.0804,0.0383,0.3913,0.6830,0.0223,0.1404,0.1543
2015-02-27,Goldilocks,Risk_Off,0.1558,0.0694,0.0652,0.7096,0.3977,0.0527,0.1672,0.3824
2015-03-31,Risk_Off,Risk_Off,0.2740,0.0343,0.0515,0.6403,0.1352,0.0099,0.2499,0.6050
2015-04-30,Risk_Off,Stagflation,0.1134,0.0440,0.0823,0.7604,0.0161,0.0099,0.7072,0.2668
2015-05-29,Risk_Off,Stagflation,0.0915,0.0636,0.1603,0.6847,0.0369,0.0121,0.4237,0.5272
2015-06-30,Risk_Off,Stagflation,0.0358,0.0740,0.2944,0.5957,0.0079,0.0224,0.2465,0.7232
2015-07-31,Risk_Off,Stagflation,0.3840,0.0239,0.0431,0.5490,0.0758,0.0231,0.1699,0.7311
2015-08-31,Risk_Off,Risk_Off,0.0431,0.1120,0.4456,0.3993,0.0104,0.0052,0.3948,0.5895
2015-09-30,Stagflation,Risk_Off,0.1265,0.0447,0.1795,0.6493,0.0338,0.0039,0.0564,0.9060
2015-10-30,Stagflation,Stagflation,0.0832,0.0990,0.5989,0.2189,0.0194,0.0214,0.4495,0.5098
2015-11-30,Stagflation,Stagflation,0.0679,0.0278,0.5269,0.3774,0.0560,0.0144,0.2147,0.7149
2015-12-31,Stagflation,Stagflation,0.0190,0.0237,0.7260,0.2313,0.0342,0.0211,0.3635,0.5811
2016-01-29,Stagflation,Reflation,0.0267,0.0734,0.4461,0.4538,0.0119,0.0086,0.0551,0.9244
2016-02-29,Stagflation,Reflation,0.0997,0.0940,0.3261,0.4802,0.0503,0.0466,0.0881,0.8150
2016-03-31,Stagflation,Reflation,0.3812,0.1128,0.3220,0.1840,0.2221,0.3762,0.2780,0.1238
2016-04-29,Stagflation,Reflation,0.2587,0.0845,0.4863,0.1706,0.0361,0.2324,0.6943,0.0371
2016-05-31,Stagflation,Reflation,0.3685,0.1246,0.1887,0.3181,0.1074,0.1310,0.6329,0.1287
2016-06-30,Stagflation,Goldilocks,0.4538,0.2442,0.0843,0.2176,0.0771,0.1417,0.5181,0.2631
2016-07-29,Reflation,Reflation,0.4945,0.2641,0.0388,0.2025,0.5965,0.0859,0.1666,0.1511
2016-08-31,Reflation,Reflation,0.1555,0.5980,0.1209,0.1255,0.5472,0.2303,0.1501,0.0723
2016-09-30,Reflation,Reflation,0.2305,0.4760,0.1671,0.1263,0.1634,0.6544,0.1568,0.0253
2016-10-31,Reflation,Reflation,0.2247,0.2894,0.3004,0.1854,0.1072,0.4652,0.2381,0.1895
2016-11-30,Reflation,Reflation,0.1512,0.1152,0.6870,0.0467,0.1395,0.4606,0.3848,0.0152
2016-12-30,Reflation,Reflation,0.4316,0.1722,0.3589,0.0373,0.3578,0.1519,0.4394,0.0509
2017-01-31,Reflation,Reflation,0.2959,0.4863,0.2044,0.0134,0.4427,0.2573,0.2927,0.0073
2017-02-28,Reflation,Reflation,0.3684,0.5292,0.0916,0.0108,0.3212,0.4334,0.2370,0.0084
2017-03-31,Reflation,Goldilocks,0.2815,0.6306,0.0685,0.0195,0.4618,0.3931,0.1335,0.0116
2017-04-28,Reflation,Goldilocks,0.4054,0.4603,0.0926,0.0417,0.1450,0.7670,0.0825,0.0056
2017-05-31,Reflation,Goldilocks,0.1027,0.8415,0.0280,0.0278,0.0911,0.8894,0.0154,0.0040
2017-06-30,Reflation,Risk_Off,0.0698,0.8653,0.0435,0.0214,0.3109,0.6409,0.0254,0.0228
2017-07-31,Reflation,Stagflation,0.0325,0.9040,0.0445,0.0190,0.2487,0.5477,0.1816,0.0219
2017-08-31,Goldilocks,Stagflation,0.0880,0.8229,0.0518,0.0373,0.3226,0.2292,0.1419,0.3063
2017-09-29,Goldilocks,Reflation,0.1637,0.6442,0.1230,0.0690,0.3697,0.2696,0.3084,0.0523
2017-10-31,Goldilocks,Reflation,0.2045,0.4989,0.1146,0.1821,0.3772,0.2140,0.1525,0.2562
2017-11-30,Goldilocks,Reflation,0.1278,0.5903,0.0725,0.2094,0.4732,0.1741,0.2308,0.1219
2017-12-29,Reflation,Reflation,0.1501,0.6215,0.0497,0.1787,0.5875,0.2582,0.0901,0.0643
2018-01-31,Reflation,Reflation,0.0405,0.7446,0.0834,0.1315,0.1272,0.7389,0.1145,0.0193
2018-02-28,Reflation,Reflation,0.0127,0.8111,0.0960,0.0803,0.0073,0.9161,0.0687,0.0079
2018-03-29,Reflation,Reflation,0.0153,0.8687,0.0365,0.0795,0.2216,0.4233,0.2072,0.1479
2018-04-30,Reflation,Stagflation,0.0202,0.8938,0.0319,0.0541,0.0611,0.4028,0.4180,0.1180
2018-05-31,Reflation,Stagflation,0.3329,0.5367,0.0390,0.0914,0.5891,0.2046,0.1379,0.0684
2018-06-29,Reflation,Reflation,0.3505,0.3917,0.0578,0.2000,0.3335,0.3217,0.1191,0.2257
2018-07-31,Reflation,Goldilocks,0.5674,0.2171,0.0739,0.1416,0.4439,0.1850,0.1930,0.1780
2018-08-31,Reflation,Goldilocks,0.3508,0.3780,0.0802,0.1911,0.3585,0.3567,0.0410,0.2438
2018-09-28,Reflation,Risk_Off,0.1543,0.3047,0.3562,0.1848,0.0654,0.5436,0.2660,0.1249
2018-10-31,Reflation,Risk_Off,0.0117,0.3755,0.3629,0.2500,0.0489,0.1421,0.1705,0.6384
2018-11-30,Reflation,Risk_Off,0.0693,0.1565,0.3254,0.4488,0.2287,0.1040,0.2458,0.4215
2018-12-31,Goldilocks,Risk_Off,0.0213,0.2079,0.1437,0.6270,0.3362,0.1912,0.1166,0.3560
2019-01-31,Goldilocks,Risk_Off,0.1460,0.0307,0.1307,0.6926,0.4164,0.3626,0.0294,0.1916
2019-02-28,Goldilocks,Risk_Off,0.0482,0.0569,0.1556,0.7393,0.2362,0.0934,0.1126,0.5578
2019-03-29,Risk_Off,Stagflation,0.2094,0.0355,0.1044,0.6507,0.4646,0.1093,0.1633,0.2629
2019-04-30,Risk_Off,Stagflation,0.0419,0.0533,0.1239,0.7809,0.2543,0.1273,0.2631,0.3553
2019-05-31,Risk_Off,Risk_Off,0.0221,0.0818,0.1019,0.7942,0.1512,0.0756,0.0181,0.7552
2019-06-28,Risk_Off,Risk_Off,0.0246,0.3244,0.1690,0.4820,0.2262,0.2678,0.0718,0.4342
2019-07-31,Risk_Off,Risk_Off,0.0146,0.2638,0.2493,0.4722,0.1454,0.5795,0.0966,0.1785
2019-08-30,Risk_Off,Risk_Off,0.0746,0.3970,0.1120,0.4164,0.1418,0.6718,0.0489,0.1375
2019-09-30,Stagflation,Stagflation,0.0176,0.3134,0.1355,0.5334,0.1282,0.3610,0.2907,0.2201
2019-10-31,Stagflation,Stagflation,0.0394,0.2959,0.3279,0.3368,0.0844,0.0846,0.5790,0.2519
2019-11-29,Risk_Off,Stagflation,0.0632,0.2931,0.3411,0.3026,0.1042,0.4251,0.3161,0.1546
2019-12-31,Risk_Off,Reflation,0.0738,0.2961,0.5552,0.0749,0.0807,0.2632,0.5405,0.1156
2020-01-31,Stagflation,Stagflation,0.4078,0.2189,0.1195,0.2538,0.4586,0.1030,0.0854,0.3531
2020-02-28,Stagflation,Risk_Off,0.0232,0.0644,0.0284,0.8840,0.0933,0.1224,0.0839,0.7005
2020-03-31,Stagflation,Risk_Off,0.0007,0.0044,0.0151,0.9797,0.0790,0.0583,0.0644,0.7983
2020-04-30,Stagflation,Risk_Off,0.0050,0.0436,0.2258,0.7256,0.0228,0.0513,0.0317,0.8941
2020-05-29,Risk_Off,Risk_Off,0.0000,0.9981,0.0000,0.0019,0.0134,0.0636,0.2122,0.7109
2020-06-30,Risk_Off,Reflation,0.0000,0.9959,0.0000,0.0041,0.0905,0.0485,0.2129,0.6481
2020-07-31,Risk_Off,Reflation,0.0000,0.9696,0.0000,0.0304,0.0567,0.0357,0.0766,0.8310
2020-08-31,Risk_Off,Reflation,0.9992,0.0001,0.0007,0.0000,0.2132,0.1958,0.4606,0.1304
2020-09-30,Risk_Off,Reflation,0.9128,0.0040,0.0250,0.0582,0.0897,0.2961,0.5608,0.0534
2020-10-30,Risk_Off,Reflation,0.2012,0.0634,0.3352,0.4002,0.0629,0.3042,0.5353,0.0976
2020-11-30,Goldilocks,Goldilocks,0.2560,0.1398,0.2344,0.3698,0.0510,0.5835,0.2845,0.0811
2020-12-31,Reflation,Reflation,0.1586,0.3391,0.2683,0.2339,0.0742,0.5576,0.3083,0.0599
2021-01-29,Reflation,Reflation,0.4225,0.2648,0.1580,0.1547,0.1679,0.6455,0.1461,0.0404
2021-02-26,Reflation,Reflation,0.0887,0.5922,0.2787,0.0404,0.1817,0.5693,0.2263,0.0227
2021-03-31,Reflation,Reflation,0.0374,0.8797,0.0818,0.0011,0.0729,0.8947,0.0280,0.0044
2021-04-30,Reflation,Reflation,0.1971,0.7853,0.0170,0.0006,0.6565,0.3173,0.0158,0.0104
2021-05-28,Reflation,Reflation,0.8601,0.1160,0.0230,0.0010,0.3900,0.5780,0.0190,0.0130
2021-06-30,Reflation,Stagflation,0.9907,0.0085,0.0007,0.0001,0.2507,0.7245,0.0079,0.0169
2021-07-30,Reflation,Stagflation,0.8930,0.0969,0.0094,0.0007,0.4291,0.5072,0.0224,0.0413
2021-08-31,Reflation,Stagflation,0.0785,0.5150,0.3717,0.0348,0.4486,0.5085,0.0289,0.0140
2021-09-30,Reflation,Stagflation,0.0324,0.5183,0.4020,0.0473,0.0468,0.3218,0.5784,0.0529
2021-10-29,Reflation,Stagflation,0.1551,0.4617,0.3516,0.0317,0.3216,0.2652,0.3762,0.0371
2021-11-30,Reflation,Stagflation,0.2580,0.1869,0.4855,0.0695,0.2186,0.0706,0.6546,0.0562
2021-12-31,Stagflation,Stagflation,0.3207,0.0892,0.5535,0.0366,0.4459,0.0428,0.4152,0.0961
2022-01-31,Stagflation,Reflation,0.0652,0.0840,0.8227,0.0281,0.1263,0.0530,0.7350,0.0857
2022-02-28,Stagflation,Reflation,0.0192,0.0477,0.9188,0.0143,0.0688,0.0683,0.7851,0.0778
2022-03-31,Stagflation,Stagflation,0.0079,0.2565,0.7282,0.0074,0.1095,0.3430,0.4790,0.0686
2022-04-29,Stagflation,Stagflation,0.0040,0.2814,0.7075,0.0071,0.0584,0.4435,0.4133,0.0848
2022-05-31,Reflation,Stagflation,0.3324,0.1133,0.5311,0.0233,0.4738,0.2286,0.1591,0.1385
2022-06-30,Reflation,Stagflation,0.1452,0.1754,0.5904,0.0890,0.1224,0.1870,0.4529,0.2378
2022-07-29,Reflation,Risk_Off,0.6397,0.0081,0.2613,0.0909,0.5619,0.0483,0.1658,0.2240
2022-08-31,Reflation,Goldilocks,0.0363,0.0381,0.8649,0.0607,0.0507,0.0426,0.7899,0.1169
2022-09-30,Stagflation,Goldilocks,0.0015,0.0138,0.9778,0.0070,0.0973,0.1126,0.7557,0.0344
2022-10-31,Stagflation,Risk_Off,0.0019,0.0522,0.8974,0.0485,0.0740,0.0261,0.8048,0.0951
2022-11-30,Risk_Off,Risk_Off,0.1190,0.2594,0.4747,0.1468,0.3746,0.4456,0.0863,0.0935
2022-12-30,Risk_Off,Risk_Off,0.0844,0.1596,0.2379,0.5180,0.0547,0.3672,0.2805,0.2977
2023-01-31,Risk_Off,Risk_Off,0.2614,0.0840,0.0660,0.5886,0.1711,0.3117,0.0784,0.4388
2023-02-28,Risk_Off,Risk_Off,0.0054,0.0424,0.2667,0.6854,0.0081,0.0970,0.3865,0.5084
2023-03-31,Risk_Off,Risk_Off,0.0907,0.0167,0.0695,0.8230,0.2944,0.0865,0.1626,0.4566
2023-04-28,Risk_Off,Risk_Off,0.0272,0.0688,0.2765,0.6276,0.3451,0.1692,0.0690,0.4167
2023-05-31,Risk_Off,Risk_Off,0.0535,0.0246,0.2281,0.6938,0.0853,0.0908,0.3884,0.4355
2023-06-30,Risk_Off,Risk_Off,0.0743,0.1004,0.3367,0.4887,0.0931,0.2093,0.1540,0.5436
2023-07-31,Risk_Off,Goldilocks,0.1290,0.2348,0.4339,0.2023,0.0830,0.2491,0.5519,0.1159
2023-08-31,Risk_Off,Reflation,0.0432,0.1440,0.4267,0.3860,0.0263,0.1066,0.3008,0.5664
2023-09-29,Risk_Off,Goldilocks,0.0217,0.2080,0.3969,0.3734,0.0414,0.1635,0.5557,0.2395
2023-10-31,Risk_Off,Goldilocks,0.1032,0.3645,0.3013,0.2310,0.1598,0.2006,0.3968,0.2429
2023-11-30,Risk_Off,Goldilocks,0.1353,0.1360,0.2252,0.5036,0.0974,0.4407,0.3186,0.1432
2023-12-29,Risk_Off,Goldilocks,0.2180,0.0408,0.0992,0.6420,0.1304,0.2310,0.3320,0.3066
2024-01-31,Risk_Off,Stagflation,0.1896,0.0137,0.1261,0.6707,0.0560,0.0731,0.5144,0.3565
2024-02-29,Goldilocks,Stagflation,0.4348,0.1070,0.2511,0.2071,0.4172,0.1059,0.3285,0.1484
2024-03-28,Goldilocks,Stagflation,0.3134,0.2569,0.3260,0.1037,0.7557,0.1225,0.0591,0.0627
2024-04-30,Risk_Off,Goldilocks,0.0460,0.4674,0.4322,0.0544,0.1653,0.2179,0.5401,0.0767
2024-05-31,Goldilocks,Goldilocks,0.2108,0.4812,0.2180,0.0900,0.5345,0.1760,0.1368,0.1527
2024-06-28,Reflation,Goldilocks,0.3754,0.0893,0.4387,0.0966,0.5573,0.0481,0.3308,0.0638
2024-07-31,Goldilocks,Risk_Off,0.3717,0.0440,0.2263,0.3580,0.4151,0.0494,0.2604,0.2751
2024-08-30,Goldilocks,Risk_Off,0.2464,0.0739,0.3566,0.3231,0.6448,0.0666,0.1649,0.1237
2024-09-30,Goldilocks,Risk_Off,0.1084,0.1245,0.4776,0.2895,0.2211,0.3142,0.3113,0.1534
2024-10-31,Goldilocks,Stagflation,0.0235,0.2684,0.6422,0.0660,0.0453,0.5618,0.3259,0.0670
2024-11-29,Goldilocks,Reflation,0.3507,0.0741,0.4638,0.1114,0.1944,0.1811,0.3518,0.2727
2024-12-31,Risk_Off,Reflation,0.2361,0.0704,0.6642,0.0293,0.1667,0.1106,0.5561,0.1667
2025-01-31,Risk_Off,Reflation,0.3786,0.1968,0.3513,0.0733,0.3025,0.1394,0.3808,0.1774
2025-02-28,Goldilocks,Goldilocks,0.1597,0.4023,0.1570,0.2810,0.2449,0.3354,0.2772,0.1425
2025-03-31,Reflation,Goldilocks,0.0367,0.4148,0.2179,0.3306,0.0554,0.2008,0.4827,0.2612
2025-04-30,Reflation,Risk_Off,0.0078,0.2889,0.1214,0.5819,0.0486,0.3193,0.1994,0.4327
2025-05-30,Goldilocks,Reflation,0.0220,0.4670,0.2213,0.2897,0.1582,0.4427,0.1731,0.2261
2025-06-30,Goldilocks,Reflation,0.0656,0.4571,0.3218,0.1555,0.4367,0.1978,0.1234,0.2421
2025-07-31,Goldilocks,Reflation,0.1001,0.5005,0.3756,0.0238,0.1134,0.4151,0.3987,0.0729
2025-08-29,Goldilocks,,0.1246,0.4817,0.3477,0.0460,0.2765,0.3169,0.1963,0.2102
2025-09-30,Goldilocks,Reflation,0.0812,0.8511,0.0532,0.0145,0.2745,0.2769,0.3877,0.0610
2025-10-31,Reflation,Risk_Off,0.0282,0.8438,0.0739,0.0541,0.1411,0.2666,0.4123,0.1800
2025-11-28,Reflation,,0.0154,0.8831,0.0751,0.0265,0.0721,0.5008,0.3360,0.0910
2025-12-31,Reflation,Risk_Off,0.0118,0.8673,0.0649,0.0560,0.0905,0.6453,0.1830,0.0813
2026-01-30,Reflation,Risk_Off,0.0455,0.8947,0.0300,0.0299,0.2202,0.6637,0.0690,0.0471
2026-02-27,Reflation,Stagflation,0.0568,0.8964,0.0131,0.0336,0.5762,0.2657,0.0375,0.1205
2026-03-31,Goldilocks,,0.0964,0.7859,0.0154,0.1023,0.1608,0.6371,0.0939,0.1082
2026-04-30,Risk_Off,,0.5254,0.3324,0.0269,0.1153,0.3810,0.4633,0.0714,0.0842
2026-05-29,Stagflation,,0.6317,0.3168,0.0319,0.0196,0.5040,0.3884,0.0603,0.0474
