ticker,live_first,live_last,n_days,first,last_overlap,corr,median_abs_diff_bp,p99_abs_diff_bp,days_over_10bp,ann_return_gap_pct,verdict
SPY,2025-10-06,2026-10-06,171,2025-10-07,2026-06-11,1.00000,0.00049,0.00169,0,0.00001,OK
EFA,2025-10-06,2026-10-06,171,2025-10-07,2026-06-11,1.00000,0.00292,0.01299,0,0.00005,OK
EEM,2025-10-06,2026-10-06,171,2025-10-07,2026-06-11,1.00000,0.00509,0.01607,0,0.00036,OK
IEF,2025-10-06,2026-10-06,171,2025-10-07,2026-06-11,1.00000,0.00433,0.01242,0,-0.00000,OK
TLT,2025-10-06,2026-10-06,171,2025-10-07,2026-06-11,1.00000,0.00480,0.57493,0,0.00009,OK
TIP,2025-10-06,2026-10-06,171,2025-10-07,2026-06-11,1.00000,0.00339,0.01396,0,-0.00003,OK
LQD,2025-10-06,2026-10-06,171,2025-10-07,2026-06-11,1.00000,0.00365,0.01239,0,-0.00003,OK
HYG,2025-10-06,2026-10-06,171,2025-10-07,2026-06-11,1.00000,0.00516,0.01820,0,0.00003,OK
EMB,2025-10-06,2026-10-06,171,2025-10-07,2026-06-11,1.00000,0.00463,0.01575,0,0.00009,OK
VNQ,2025-10-06,2026-10-06,171,2025-10-07,2026-06-11,0.99148,0.00387,31.52366,2,-0.00002,FAIL: returns disagree
DBC,2025-10-06,2026-10-06,171,2025-10-07,2026-06-11,1.00000,0.00000,0.00000,0,0.00000,OK
GLD,2025-10-06,2026-10-06,171,2025-10-07,2026-06-11,1.00000,0.00000,0.00000,0,0.00000,OK
UUP,2025-10-06,2026-10-06,171,2025-10-07,2026-06-11,1.00000,0.00000,0.00000,0,0.00000,OK
BIL,2025-10-06,2026-10-06,171,2025-10-07,2026-06-11,0.99999,0.00334,0.01475,0,-0.00012,OK
