ticker,verdict
SPY,"FAIL: StooqError: SPY: not a price CSV (got: '<!DOCTYPE html><html><head><meta charset=""utf-8""><meta name=""robots"" content=""noindex,nofollow""></head><body><nosc"
EFA,"FAIL: StooqError: EFA: not a price CSV (got: '<!DOCTYPE html><html><head><meta charset=""utf-8""><meta name=""robots"" content=""noindex,nofollow""></head><body><nosc"
EEM,"FAIL: StooqError: EEM: not a price CSV (got: '<!DOCTYPE html><html><head><meta charset=""utf-8""><meta name=""robots"" content=""noindex,nofollow""></head><body><nosc"
IEF,"FAIL: StooqError: IEF: not a price CSV (got: '<!DOCTYPE html><html><head><meta charset=""utf-8""><meta name=""robots"" content=""noindex,nofollow""></head><body><nosc"
TLT,"FAIL: StooqError: TLT: not a price CSV (got: '<!DOCTYPE html><html><head><meta charset=""utf-8""><meta name=""robots"" content=""noindex,nofollow""></head><body><nosc"
TIP,"FAIL: StooqError: TIP: not a price CSV (got: '<!DOCTYPE html><html><head><meta charset=""utf-8""><meta name=""robots"" content=""noindex,nofollow""></head><body><nosc"
LQD,"FAIL: StooqError: LQD: not a price CSV (got: '<!DOCTYPE html><html><head><meta charset=""utf-8""><meta name=""robots"" content=""noindex,nofollow""></head><body><nosc"
HYG,"FAIL: StooqError: HYG: not a price CSV (got: '<!DOCTYPE html><html><head><meta charset=""utf-8""><meta name=""robots"" content=""noindex,nofollow""></head><body><nosc"
EMB,"FAIL: StooqError: EMB: not a price CSV (got: '<!DOCTYPE html><html><head><meta charset=""utf-8""><meta name=""robots"" content=""noindex,nofollow""></head><body><nosc"
VNQ,"FAIL: StooqError: VNQ: not a price CSV (got: '<!DOCTYPE html><html><head><meta charset=""utf-8""><meta name=""robots"" content=""noindex,nofollow""></head><body><nosc"
DBC,"FAIL: StooqError: DBC: not a price CSV (got: '<!DOCTYPE html><html><head><meta charset=""utf-8""><meta name=""robots"" content=""noindex,nofollow""></head><body><nosc"
GLD,"FAIL: StooqError: GLD: not a price CSV (got: '<!DOCTYPE html><html><head><meta charset=""utf-8""><meta name=""robots"" content=""noindex,nofollow""></head><body><nosc"
UUP,"FAIL: StooqError: UUP: not a price CSV (got: '<!DOCTYPE html><html><head><meta charset=""utf-8""><meta name=""robots"" content=""noindex,nofollow""></head><body><nosc"
BIL,"FAIL: StooqError: BIL: not a price CSV (got: '<!DOCTYPE html><html><head><meta charset=""utf-8""><meta name=""robots"" content=""noindex,nofollow""></head><body><nosc"
