model,sample,logged,scored,hit_rate,brier,brier_minus_uniform
claude_sonnet,prospective,0,0,,,
claude_sonnet,after cutoff (incl. retrospective),3,0,,,
claude_sonnet,all logged,4,1,0.0000,1.1438,0.3938
gemini_flash,prospective,0,0,,,
gemini_flash,after cutoff (incl. retrospective),4,1,0.0000,1.2900,0.5400
gemini_flash,all logged,4,1,0.0000,1.2900,0.5400
glm,prospective,0,0,,,
glm,after cutoff (incl. retrospective),0,0,,,
glm,all logged,4,1,0.0000,1.2250,0.4750
gpt_sol,prospective,0,0,,,
gpt_sol,after cutoff (incl. retrospective),4,1,0.0000,1.2750,0.5250
gpt_sol,all logged,4,1,0.0000,1.2750,0.5250
