date,realised_forward,rule,ml_logit,ml_gbt,claude_haiku:anonymized,claude_sonnet:anonymized,claude_sonnet:date_only,claude_sonnet:dated,llama8b:anonymized
2007-12-31,Stagflation,Stagflation,Risk_Off,Risk_Off,Goldilocks,Risk_Off,Goldilocks,Stagflation,Reflation
2008-01-31,Stagflation,Reflation,Reflation,Risk_Off,Stagflation,Risk_Off,Goldilocks,Risk_Off,Reflation
2008-02-29,Risk_Off,Reflation,Reflation,Reflation,Stagflation,Stagflation,Goldilocks,Stagflation,Reflation
2008-03-31,Risk_Off,Reflation,Reflation,Reflation,Stagflation,Risk_Off,Goldilocks,Risk_Off,Reflation
2008-04-30,Stagflation,Stagflation,Stagflation,Reflation,Stagflation,Risk_Off,Goldilocks,Risk_Off,Reflation
2008-05-30,Stagflation,Stagflation,Risk_Off,Goldilocks,Stagflation,Risk_Off,Goldilocks,Stagflation,Reflation
2008-06-30,Stagflation,Stagflation,Risk_Off,Risk_Off,Stagflation,Risk_Off,Goldilocks,Stagflation,Reflation
2008-07-31,Stagflation,Stagflation,Risk_Off,Risk_Off,Stagflation,Stagflation,Goldilocks,Stagflation,Reflation
2008-08-29,Risk_Off,Stagflation,Goldilocks,Risk_Off,Stagflation,Risk_Off,Goldilocks,Risk_Off,Reflation
2008-09-30,Risk_Off,Stagflation,Reflation,Risk_Off,Stagflation,Risk_Off,Goldilocks,Risk_Off,Reflation
2008-10-31,Risk_Off,Stagflation,Stagflation,Risk_Off,Stagflation,Risk_Off,Goldilocks,Risk_Off,Reflation
2008-11-28,Risk_Off,Stagflation,Risk_Off,Risk_Off,Stagflation,Risk_Off,Goldilocks,Risk_Off,Reflation
2008-12-31,Risk_Off,Risk_Off,Risk_Off,Risk_Off,Stagflation,Risk_Off,Goldilocks,Risk_Off,Reflation
2009-01-30,Risk_Off,Risk_Off,Risk_Off,Risk_Off,Stagflation,Risk_Off,Goldilocks,Risk_Off,Reflation
2009-02-27,Risk_Off,Risk_Off,Risk_Off,Risk_Off,Stagflation,Risk_Off,Goldilocks,Risk_Off,Reflation
2009-03-31,Risk_Off,Risk_Off,Risk_Off,Reflation,Stagflation,Risk_Off,Goldilocks,Risk_Off,Reflation
2009-04-30,Risk_Off,Risk_Off,Risk_Off,Reflation,Stagflation,Risk_Off,Goldilocks,Risk_Off,Reflation
2009-05-29,Risk_Off,Risk_Off,Reflation,Risk_Off,Goldilocks,Goldilocks,Goldilocks,Goldilocks,Reflation
2009-06-30,Goldilocks,Risk_Off,Reflation,Reflation,Stagflation,Goldilocks,Goldilocks,Goldilocks,Reflation
2009-07-31,Goldilocks,Risk_Off,Reflation,Risk_Off,Stagflation,Goldilocks,Goldilocks,Goldilocks,Reflation
2009-08-31,Reflation,Risk_Off,Risk_Off,Risk_Off,Stagflation,Goldilocks,Goldilocks,Goldilocks,Reflation
2009-09-30,Reflation,Risk_Off,Goldilocks,Risk_Off,Stagflation,Goldilocks,Goldilocks,Goldilocks,Reflation
2009-10-30,Reflation,Goldilocks,Reflation,Reflation,Goldilocks,Goldilocks,Goldilocks,Goldilocks,Reflation
2009-11-30,Reflation,Goldilocks,Reflation,Goldilocks,Reflation,Goldilocks,Goldilocks,Goldilocks,Reflation
2009-12-31,Reflation,Reflation,Reflation,Reflation,Reflation,Reflation,Goldilocks,Goldilocks,Reflation
2010-01-29,Reflation,Reflation,Reflation,Reflation,Reflation,Reflation,Goldilocks,Goldilocks,Reflation
2010-02-26,Goldilocks,Reflation,Reflation,Reflation,Goldilocks,Reflation,Goldilocks,Goldilocks,Reflation
2010-03-31,Goldilocks,Reflation,Reflation,Reflation,Goldilocks,Goldilocks,Goldilocks,Goldilocks,Reflation
2010-04-30,Goldilocks,Reflation,Reflation,Reflation,Goldilocks,Goldilocks,Goldilocks,Goldilocks,Reflation
2010-05-28,Goldilocks,Reflation,Reflation,Risk_Off,Goldilocks,Risk_Off,Goldilocks,Risk_Off,Reflation
2010-06-30,Goldilocks,Reflation,Reflation,Reflation,Goldilocks,Risk_Off,Goldilocks,Risk_Off,Reflation
2010-07-30,Risk_Off,Reflation,Risk_Off,Goldilocks,Goldilocks,Goldilocks,Risk_Off,Risk_Off,Reflation
2010-08-31,Risk_Off,Goldilocks,Goldilocks,Reflation,Stagflation,Risk_Off,Goldilocks,Risk_Off,Reflation
2010-09-30,Risk_Off,Goldilocks,Risk_Off,Goldilocks,Goldilocks,Goldilocks,Goldilocks,Risk_Off,Reflation
2010-10-29,Stagflation,Goldilocks,Risk_Off,Risk_Off,Goldilocks,Risk_Off,Goldilocks,Risk_Off,Reflation
2010-11-30,Stagflation,Goldilocks,Risk_Off,Risk_Off,Goldilocks,Reflation,Goldilocks,Reflation,Reflation
2010-12-31,Stagflation,Risk_Off,Risk_Off,Reflation,Goldilocks,Reflation,Goldilocks,Reflation,Reflation
2011-01-31,Stagflation,Risk_Off,Risk_Off,Reflation,Goldilocks,Reflation,Goldilocks,Reflation,Reflation
2011-02-28,Stagflation,Risk_Off,Reflation,Reflation,Goldilocks,Reflation,Goldilocks,Reflation,Reflation
2011-03-31,Stagflation,Stagflation,Goldilocks,Reflation,Goldilocks,Reflation,Goldilocks,Reflation,Goldilocks
2011-04-29,Stagflation,Stagflation,Goldilocks,Stagflation,Goldilocks,Reflation,Goldilocks,Reflation,Goldilocks
2011-05-31,Stagflation,Stagflation,Goldilocks,Reflation,Goldilocks,Reflation,Goldilocks,Reflation,Reflation
2011-06-30,Stagflation,Stagflation,Reflation,Reflation,Goldilocks,Reflation,Goldilocks,Stagflation,Reflation
2011-07-29,Stagflation,Stagflation,Reflation,Goldilocks,Stagflation,Stagflation,Goldilocks,Risk_Off,Reflation
2011-08-31,Reflation,Stagflation,Risk_Off,Risk_Off,Stagflation,Risk_Off,Goldilocks,Risk_Off,Reflation
2011-09-30,Goldilocks,Stagflation,Risk_Off,Risk_Off,Stagflation,Risk_Off,Goldilocks,Risk_Off,Reflation
2011-10-31,Goldilocks,Stagflation,Risk_Off,Stagflation,Goldilocks,Reflation,Goldilocks,Reflation,Reflation
2011-11-30,Goldilocks,Stagflation,Risk_Off,Risk_Off,Stagflation,Reflation,Goldilocks,Risk_Off,Reflation
2011-12-30,Goldilocks,Stagflation,Risk_Off,Risk_Off,Goldilocks,Reflation,Goldilocks,Goldilocks,Reflation
2012-01-31,Goldilocks,Risk_Off,Goldilocks,Risk_Off,Goldilocks,Risk_Off,Goldilocks,Goldilocks,Reflation
2012-02-29,Goldilocks,Goldilocks,Goldilocks,Risk_Off,Goldilocks,Reflation,Goldilocks,Reflation,Reflation
2012-03-30,Risk_Off,Goldilocks,Goldilocks,Goldilocks,Goldilocks,Reflation,Goldilocks,Goldilocks,Reflation
2012-04-30,Goldilocks,Goldilocks,Goldilocks,Goldilocks,Goldilocks,Goldilocks,Goldilocks,Goldilocks,Reflation
2012-05-31,Risk_Off,Goldilocks,Goldilocks,Stagflation,Stagflation,Risk_Off,Goldilocks,Risk_Off,Reflation
2012-06-29,Risk_Off,Goldilocks,Goldilocks,Goldilocks,Stagflation,Risk_Off,Risk_Off,Risk_Off,Reflation
2012-07-31,Risk_Off,Goldilocks,Goldilocks,Goldilocks,Goldilocks,Risk_Off,Goldilocks,Risk_Off,Reflation
2012-08-31,Stagflation,Goldilocks,Goldilocks,Stagflation,Goldilocks,Goldilocks,Goldilocks,Risk_Off,Reflation
2012-09-28,Stagflation,Risk_Off,Stagflation,Goldilocks,Goldilocks,Goldilocks,Goldilocks,Risk_Off,Reflation
2012-10-31,Stagflation,Risk_Off,Risk_Off,Goldilocks,Goldilocks,Reflation,Goldilocks,Reflation,Reflation
2012-11-30,Risk_Off,Risk_Off,Stagflation,Stagflation,Goldilocks,Reflation,Goldilocks,Goldilocks,Reflation
2012-12-31,Risk_Off,Risk_Off,Stagflation,Stagflation,Goldilocks,Reflation,Goldilocks,Goldilocks,Reflation
2013-01-31,Risk_Off,Risk_Off,Stagflation,Stagflation,Goldilocks,Goldilocks,Goldilocks,Goldilocks,Reflation
2013-02-28,Goldilocks,Stagflation,Stagflation,Stagflation,Goldilocks,Goldilocks,Goldilocks,Goldilocks,Reflation
2013-03-28,Goldilocks,Stagflation,Goldilocks,Risk_Off,Goldilocks,Reflation,Goldilocks,Goldilocks,Reflation
2013-04-30,Risk_Off,Risk_Off,Risk_Off,Risk_Off,Goldilocks,Goldilocks,Goldilocks,Goldilocks,Reflation
2013-05-31,Stagflation,Risk_Off,Risk_Off,Risk_Off,Goldilocks,Goldilocks,Goldilocks,Goldilocks,Reflation
2013-06-28,Stagflation,Risk_Off,Risk_Off,Risk_Off,Stagflation,Goldilocks,Goldilocks,Risk_Off,Reflation
2013-07-31,Reflation,Risk_Off,Risk_Off,Risk_Off,Goldilocks,Reflation,Goldilocks,Reflation,Reflation
2013-08-30,Goldilocks,Risk_Off,Stagflation,Risk_Off,Stagflation,Reflation,Goldilocks,Reflation,Reflation
2013-09-30,Goldilocks,Risk_Off,Goldilocks,Stagflation,Goldilocks,Goldilocks,Goldilocks,Goldilocks,Reflation
2013-10-31,Goldilocks,Goldilocks,Reflation,Risk_Off,Goldilocks,Goldilocks,Goldilocks,Goldilocks,Reflation
2013-11-29,Stagflation,Goldilocks,Goldilocks,Stagflation,Goldilocks,Goldilocks,Goldilocks,Goldilocks,Reflation
2013-12-31,Stagflation,Goldilocks,Goldilocks,Stagflation,Goldilocks,Goldilocks,Goldilocks,Goldilocks,Reflation
2014-01-31,Stagflation,Goldilocks,Goldilocks,Goldilocks,Goldilocks,Reflation,Goldilocks,Reflation,Reflation
2014-02-28,Reflation,Goldilocks,Goldilocks,Goldilocks,Goldilocks,Goldilocks,Goldilocks,Goldilocks,Reflation
2014-03-31,Reflation,Goldilocks,Stagflation,Goldilocks,Goldilocks,Goldilocks,Goldilocks,Goldilocks,Reflation
2014-04-30,Reflation,Goldilocks,Stagflation,Reflation,Goldilocks,Goldilocks,Goldilocks,Reflation,Reflation
2014-05-30,Reflation,Reflation,Goldilocks,Goldilocks,Goldilocks,Reflation,Goldilocks,Reflation,Reflation
2014-06-30,Goldilocks,Reflation,Stagflation,Goldilocks,Goldilocks,Reflation,Goldilocks,Reflation,Goldilocks
2014-07-31,Goldilocks,Reflation,Stagflation,Goldilocks,Goldilocks,Reflation,Goldilocks,Reflation,Reflation
2014-08-29,Risk_Off,Reflation,Reflation,Goldilocks,Goldilocks,Goldilocks,Goldilocks,Reflation,Reflation
2014-09-30,Risk_Off,Reflation,Risk_Off,Stagflation,Goldilocks,Goldilocks,Goldilocks,Goldilocks,Reflation
2014-10-31,Risk_Off,Reflation,Risk_Off,Goldilocks,Goldilocks,Goldilocks,Goldilocks,Goldilocks,Reflation
2014-11-28,Goldilocks,Reflation,Risk_Off,Goldilocks,Goldilocks,Goldilocks,Goldilocks,Goldilocks,Reflation
2014-12-31,Risk_Off,Goldilocks,Risk_Off,Goldilocks,Goldilocks,Goldilocks,Goldilocks,Goldilocks,Reflation
2015-01-30,Risk_Off,Goldilocks,Goldilocks,Goldilocks,Goldilocks,Goldilocks,Goldilocks,Goldilocks,Reflation
2015-02-27,Risk_Off,Goldilocks,Risk_Off,Goldilocks,Goldilocks,Goldilocks,Goldilocks,Goldilocks,Reflation
2015-03-31,Risk_Off,Risk_Off,Risk_Off,Risk_Off,Goldilocks,Goldilocks,Goldilocks,Risk_Off,Reflation
2015-04-30,Stagflation,Risk_Off,Risk_Off,Stagflation,Stagflation,Goldilocks,Goldilocks,Reflation,Reflation
2015-05-29,Stagflation,Risk_Off,Risk_Off,Risk_Off,Stagflation,Goldilocks,Goldilocks,Reflation,Reflation
2015-06-30,Stagflation,Risk_Off,Risk_Off,Risk_Off,Stagflation,Risk_Off,Goldilocks,Reflation,Reflation
2015-07-31,Stagflation,Risk_Off,Risk_Off,Risk_Off,Goldilocks,Reflation,Goldilocks,Reflation,Reflation
2015-08-31,Risk_Off,Risk_Off,Stagflation,Risk_Off,Stagflation,Risk_Off,Goldilocks,Risk_Off,Reflation
2015-09-30,Risk_Off,Stagflation,Risk_Off,Risk_Off,Stagflation,Risk_Off,Goldilocks,Risk_Off,Reflation
2015-10-30,Stagflation,Stagflation,Stagflation,Risk_Off,Stagflation,Risk_Off,Goldilocks,Risk_Off,Reflation
2015-11-30,Stagflation,Stagflation,Stagflation,Risk_Off,Goldilocks,Risk_Off,Goldilocks,Reflation,Reflation
2015-12-31,Stagflation,Stagflation,Stagflation,Risk_Off,Stagflation,Reflation,Goldilocks,Reflation,Reflation
2016-01-29,Reflation,Stagflation,Risk_Off,Risk_Off,Stagflation,Risk_Off,Goldilocks,Risk_Off,Reflation
2016-02-29,Reflation,Stagflation,Risk_Off,Risk_Off,Stagflation,Risk_Off,Goldilocks,Risk_Off,Reflation
2016-03-31,Reflation,Stagflation,Goldilocks,Reflation,Stagflation,Reflation,Goldilocks,Reflation,Reflation
2016-04-29,Reflation,Stagflation,Stagflation,Stagflation,Goldilocks,Reflation,Goldilocks,Reflation,Reflation
2016-05-31,Reflation,Stagflation,Goldilocks,Stagflation,Goldilocks,Goldilocks,Goldilocks,Reflation,Reflation
2016-06-30,Goldilocks,Stagflation,Goldilocks,Stagflation,Goldilocks,Risk_Off,Goldilocks,Risk_Off,Reflation
2016-07-29,Reflation,Reflation,Goldilocks,Goldilocks,Goldilocks,Goldilocks,Goldilocks,Reflation,Reflation
2016-08-31,Reflation,Reflation,Reflation,Goldilocks,Goldilocks,Goldilocks,Goldilocks,Goldilocks,Reflation
2016-09-30,Reflation,Reflation,Reflation,Reflation,Goldilocks,Reflation,Goldilocks,Reflation,Reflation
2016-10-31,Reflation,Reflation,Stagflation,Reflation,Goldilocks,Reflation,Goldilocks,Reflation,Reflation
2016-11-30,Reflation,Reflation,Stagflation,Reflation,Goldilocks,Reflation,Goldilocks,Reflation,Reflation
2016-12-30,Reflation,Reflation,Goldilocks,Stagflation,Reflation,Reflation,Goldilocks,Reflation,Reflation
2017-01-31,Reflation,Reflation,Reflation,Goldilocks,Goldilocks,Reflation,Goldilocks,Reflation,Reflation
2017-02-28,Reflation,Reflation,Reflation,Reflation,Goldilocks,Reflation,Goldilocks,Reflation,Reflation
2017-03-31,Goldilocks,Reflation,Reflation,Goldilocks,Goldilocks,Reflation,Goldilocks,Reflation,Reflation
2017-04-28,Goldilocks,Reflation,Reflation,Reflation,Goldilocks,Reflation,Goldilocks,Goldilocks,Reflation
2017-05-31,Goldilocks,Reflation,Reflation,Reflation,Goldilocks,Goldilocks,Goldilocks,Goldilocks,Goldilocks
2017-06-30,Risk_Off,Reflation,Reflation,Reflation,Goldilocks,Goldilocks,Goldilocks,Goldilocks,Reflation
2017-07-31,Stagflation,Reflation,Reflation,Reflation,Goldilocks,Goldilocks,Goldilocks,Goldilocks,Reflation
2017-08-31,Stagflation,Goldilocks,Reflation,Goldilocks,Goldilocks,Goldilocks,Goldilocks,Goldilocks,Reflation
2017-09-29,Reflation,Goldilocks,Reflation,Goldilocks,Goldilocks,Goldilocks,Goldilocks,Goldilocks,Reflation
2017-10-31,Reflation,Goldilocks,Reflation,Goldilocks,Goldilocks,Reflation,Goldilocks,Reflation,Reflation
2017-11-30,Reflation,Goldilocks,Reflation,Goldilocks,Goldilocks,Reflation,Goldilocks,Reflation,Goldilocks
2017-12-29,Reflation,Reflation,Reflation,Goldilocks,Goldilocks,Reflation,Reflation,Reflation,Goldilocks
2018-01-31,Reflation,Reflation,Reflation,Reflation,Goldilocks,Reflation,Goldilocks,Reflation,Goldilocks
2018-02-28,Reflation,Reflation,Reflation,Reflation,Goldilocks,Reflation,Goldilocks,Reflation,Reflation
2018-03-29,Reflation,Reflation,Reflation,Reflation,Goldilocks,Reflation,Goldilocks,Reflation,Reflation
2018-04-30,Stagflation,Reflation,Reflation,Stagflation,Goldilocks,Reflation,Goldilocks,Reflation,Reflation
2018-05-31,Stagflation,Reflation,Reflation,Goldilocks,Goldilocks,Reflation,Reflation,Reflation,Reflation
2018-06-29,Reflation,Reflation,Reflation,Goldilocks,Goldilocks,Reflation,Goldilocks,Reflation,Reflation
2018-07-31,Goldilocks,Reflation,Goldilocks,Goldilocks,Goldilocks,Reflation,Goldilocks,Reflation,Reflation
2018-08-31,Goldilocks,Reflation,Reflation,Goldilocks,Goldilocks,Reflation,Goldilocks,Reflation,Reflation
2018-09-28,Risk_Off,Reflation,Stagflation,Reflation,Goldilocks,Goldilocks,Goldilocks,Reflation,Reflation
2018-10-31,Risk_Off,Reflation,Reflation,Risk_Off,Goldilocks,Risk_Off,Goldilocks,Risk_Off,Reflation
2018-11-30,Risk_Off,Reflation,Risk_Off,Risk_Off,Goldilocks,Goldilocks,Goldilocks,Risk_Off,Reflation
2018-12-31,Risk_Off,Goldilocks,Risk_Off,Risk_Off,Stagflation,Risk_Off,Goldilocks,Risk_Off,Reflation
2019-01-31,Risk_Off,Goldilocks,Risk_Off,Goldilocks,Goldilocks,Goldilocks,Risk_Off,Risk_Off,Reflation
2019-02-28,Risk_Off,Goldilocks,Risk_Off,Risk_Off,Goldilocks,Goldilocks,Goldilocks,Goldilocks,Reflation
2019-03-29,Stagflation,Risk_Off,Risk_Off,Goldilocks,Goldilocks,Goldilocks,Goldilocks,Risk_Off,Reflation
2019-04-30,Stagflation,Risk_Off,Risk_Off,Risk_Off,Goldilocks,Risk_Off,Goldilocks,Goldilocks,Reflation
2019-05-31,Risk_Off,Risk_Off,Risk_Off,Risk_Off,Stagflation,Risk_Off,Goldilocks,Risk_Off,Reflation
2019-06-28,Risk_Off,Risk_Off,Risk_Off,Risk_Off,Goldilocks,Goldilocks,Goldilocks,Risk_Off,Reflation
2019-07-31,Risk_Off,Risk_Off,Risk_Off,Reflation,Goldilocks,Risk_Off,Goldilocks,Risk_Off,Reflation
2019-08-30,Risk_Off,Risk_Off,Risk_Off,Reflation,Goldilocks,Risk_Off,Goldilocks,Risk_Off,Reflation
2019-09-30,Stagflation,Stagflation,Risk_Off,Reflation,Goldilocks,Risk_Off,Risk_Off,Risk_Off,Reflation
2019-10-31,Stagflation,Stagflation,Risk_Off,Stagflation,Goldilocks,Goldilocks,Goldilocks,Goldilocks,Reflation
2019-11-29,Stagflation,Risk_Off,Stagflation,Reflation,Goldilocks,Goldilocks,Goldilocks,Reflation,Reflation
2019-12-31,Reflation,Risk_Off,Stagflation,Stagflation,Goldilocks,Reflation,Goldilocks,Reflation,Reflation
2020-01-31,Stagflation,Stagflation,Goldilocks,Goldilocks,Goldilocks,Risk_Off,Goldilocks,Risk_Off,Reflation
2020-02-28,Risk_Off,Stagflation,Risk_Off,Risk_Off,Stagflation,Risk_Off,Goldilocks,Risk_Off,Reflation
2020-03-31,Risk_Off,Stagflation,Risk_Off,Risk_Off,Stagflation,Risk_Off,Goldilocks,Risk_Off,Reflation
2020-04-30,Risk_Off,Stagflation,Risk_Off,Risk_Off,Stagflation,Risk_Off,Goldilocks,Risk_Off,Reflation
2020-05-29,Risk_Off,Risk_Off,Reflation,Risk_Off,Stagflation,Goldilocks,Goldilocks,Risk_Off,Reflation
2020-06-30,Reflation,Risk_Off,Reflation,Risk_Off,Stagflation,Goldilocks,Goldilocks,Goldilocks,Reflation
2020-07-31,Reflation,Risk_Off,Reflation,Risk_Off,Stagflation,Goldilocks,Goldilocks,Goldilocks,Reflation
2020-08-31,Reflation,Risk_Off,Goldilocks,Stagflation,Goldilocks,Reflation,Goldilocks,Reflation,Reflation
2020-09-30,Reflation,Risk_Off,Goldilocks,Stagflation,Goldilocks,Reflation,Goldilocks,Reflation,Reflation
2020-10-30,Reflation,Risk_Off,Risk_Off,Stagflation,Goldilocks,Reflation,Goldilocks,Reflation,Reflation
2020-11-30,Goldilocks,Goldilocks,Risk_Off,Reflation,Goldilocks,Reflation,Goldilocks,Reflation,Reflation
2020-12-31,Reflation,Reflation,Reflation,Reflation,Goldilocks,Reflation,Goldilocks,Reflation,Reflation
2021-01-29,Reflation,Reflation,Goldilocks,Reflation,Goldilocks,Goldilocks,Goldilocks,Reflation,Reflation
2021-02-26,Reflation,Reflation,Reflation,Reflation,Stagflation,Reflation,Goldilocks,Reflation,Reflation
2021-03-31,Reflation,Reflation,Reflation,Reflation,Goldilocks,Reflation,Goldilocks,Reflation,Reflation
2021-04-30,Reflation,Reflation,Reflation,Goldilocks,Goldilocks,Reflation,Goldilocks,Reflation,Reflation
2021-05-28,Reflation,Reflation,Goldilocks,Reflation,Goldilocks,Reflation,Goldilocks,Reflation,Goldilocks
2021-06-30,Stagflation,Reflation,Goldilocks,Reflation,Reflation,Reflation,Goldilocks,Reflation,Reflation
2021-07-30,Stagflation,Reflation,Goldilocks,Reflation,Goldilocks,Reflation,Goldilocks,Reflation,Reflation
2021-08-31,Stagflation,Reflation,Reflation,Reflation,Goldilocks,Reflation,Reflation,Reflation,Reflation
2021-09-30,Stagflation,Reflation,Reflation,Stagflation,Goldilocks,Reflation,Goldilocks,Reflation,Reflation
2021-10-29,Stagflation,Reflation,Reflation,Stagflation,Goldilocks,Reflation,Goldilocks,Reflation,Reflation
2021-11-30,Stagflation,Reflation,Stagflation,Stagflation,Reflation,Reflation,Goldilocks,Reflation,Reflation
2021-12-31,Stagflation,Stagflation,Stagflation,Goldilocks,Reflation,Reflation,Goldilocks,Reflation,Reflation
2022-01-31,Reflation,Stagflation,Stagflation,Stagflation,Stagflation,Stagflation,Goldilocks,Stagflation,Reflation
2022-02-28,Reflation,Stagflation,Stagflation,Stagflation,Stagflation,Reflation,Goldilocks,Reflation,Reflation
2022-03-31,Stagflation,Stagflation,Stagflation,Stagflation,Stagflation,Reflation,Goldilocks,Reflation,Reflation
2022-04-29,Stagflation,Stagflation,Stagflation,Reflation,Stagflation,Stagflation,Goldilocks,Stagflation,Reflation
2022-05-31,Stagflation,Reflation,Stagflation,Goldilocks,Stagflation,Stagflation,Goldilocks,Stagflation,Reflation
2022-06-30,Stagflation,Reflation,Stagflation,Stagflation,Stagflation,Stagflation,Goldilocks,Stagflation,Reflation
2022-07-29,Risk_Off,Reflation,Goldilocks,Goldilocks,Stagflation,Stagflation,Goldilocks,Risk_Off,Reflation
2022-08-31,Goldilocks,Reflation,Stagflation,Stagflation,Stagflation,Stagflation,Goldilocks,Risk_Off,Reflation
2022-09-30,Goldilocks,Stagflation,Stagflation,Stagflation,Stagflation,Stagflation,Goldilocks,Stagflation,Reflation
2022-10-31,Risk_Off,Stagflation,Stagflation,Stagflation,Stagflation,Stagflation,Goldilocks,Stagflation,Reflation
2022-11-30,Risk_Off,Risk_Off,Stagflation,Reflation,Stagflation,Stagflation,Goldilocks,Risk_Off,Reflation
2022-12-30,Risk_Off,Risk_Off,Risk_Off,Reflation,Goldilocks,Risk_Off,Goldilocks,Risk_Off,Reflation
2023-01-31,Risk_Off,Risk_Off,Risk_Off,Risk_Off,Stagflation,Goldilocks,Risk_Off,Risk_Off,Reflation
2023-02-28,Risk_Off,Risk_Off,Risk_Off,Risk_Off,Stagflation,Risk_Off,Goldilocks,Goldilocks,Reflation
2023-03-31,Risk_Off,Risk_Off,Risk_Off,Risk_Off,Goldilocks,Goldilocks,Goldilocks,Risk_Off,Reflation
2023-04-28,Risk_Off,Risk_Off,Risk_Off,Risk_Off,Goldilocks,Goldilocks,Goldilocks,Risk_Off,Reflation
2023-05-31,Risk_Off,Risk_Off,Risk_Off,Risk_Off,Goldilocks,Risk_Off,Goldilocks,Risk_Off,Reflation
2023-06-30,Risk_Off,Risk_Off,Risk_Off,Risk_Off,Goldilocks,Goldilocks,Goldilocks,Goldilocks,Reflation
2023-07-31,Goldilocks,Risk_Off,Stagflation,Stagflation,Goldilocks,Goldilocks,Goldilocks,Goldilocks,Reflation
2023-08-31,Reflation,Risk_Off,Stagflation,Risk_Off,Goldilocks,Goldilocks,Goldilocks,Goldilocks,Reflation
2023-09-29,Goldilocks,Risk_Off,Stagflation,Stagflation,Stagflation,Risk_Off,Goldilocks,Goldilocks,Reflation
2023-10-31,Goldilocks,Risk_Off,Reflation,Stagflation,Goldilocks,Reflation,Goldilocks,Risk_Off,Reflation
2023-11-30,Goldilocks,Risk_Off,Risk_Off,Reflation,Goldilocks,Goldilocks,Goldilocks,Risk_Off,Reflation
2023-12-29,Goldilocks,Risk_Off,Risk_Off,Stagflation,Goldilocks,Goldilocks,Goldilocks,Goldilocks,Reflation
2024-01-31,Stagflation,Risk_Off,Risk_Off,Stagflation,Goldilocks,Goldilocks,Goldilocks,Goldilocks,Reflation
2024-02-29,Stagflation,Goldilocks,Goldilocks,Goldilocks,Goldilocks,Goldilocks,Goldilocks,Goldilocks,Reflation
2024-03-28,Stagflation,Goldilocks,Stagflation,Goldilocks,Goldilocks,Goldilocks,Goldilocks,Goldilocks,Reflation
2024-04-30,Goldilocks,Risk_Off,Reflation,Stagflation,Goldilocks,Reflation,Goldilocks,Reflation,Reflation
2024-05-31,Goldilocks,Goldilocks,Reflation,Goldilocks,Goldilocks,Reflation,Goldilocks,Goldilocks,Reflation
2024-06-28,Goldilocks,Reflation,Stagflation,Goldilocks,Goldilocks,Goldilocks,Goldilocks,Goldilocks,Reflation
2024-07-31,Risk_Off,Goldilocks,Goldilocks,Goldilocks,Goldilocks,Goldilocks,Goldilocks,Goldilocks,Reflation
2024-08-30,Risk_Off,Goldilocks,Stagflation,Goldilocks,Goldilocks,Goldilocks,Goldilocks,Goldilocks,Reflation
2024-09-30,Risk_Off,Goldilocks,Stagflation,Reflation,Goldilocks,Risk_Off,Goldilocks,Goldilocks,Reflation
2024-10-31,Stagflation,Goldilocks,Stagflation,Reflation,Goldilocks,Goldilocks,Goldilocks,Goldilocks,Reflation
2024-11-29,Reflation,Goldilocks,Stagflation,Stagflation,Goldilocks,Goldilocks,Reflation,Goldilocks,Reflation
2024-12-31,Reflation,Risk_Off,Stagflation,Stagflation,Goldilocks,Stagflation,Goldilocks,Reflation,Reflation
2025-01-31,Reflation,Risk_Off,Goldilocks,Stagflation,Goldilocks,Reflation,Reflation,Reflation,Reflation
2025-02-28,Goldilocks,Goldilocks,Reflation,Reflation,Goldilocks,Reflation,Goldilocks,Reflation,Reflation
2025-03-31,Goldilocks,Reflation,Reflation,Stagflation,Goldilocks,Risk_Off,Goldilocks,Risk_Off,Reflation
2025-04-30,Risk_Off,Reflation,Risk_Off,Risk_Off,Goldilocks,Risk_Off,Goldilocks,Risk_Off,Reflation
2025-05-30,Reflation,Goldilocks,Reflation,Reflation,Goldilocks,Goldilocks,Goldilocks,Risk_Off,Reflation
2025-06-30,Reflation,Goldilocks,Reflation,Goldilocks,Goldilocks,Goldilocks,Goldilocks,Goldilocks,Reflation
2025-07-31,Reflation,Goldilocks,Reflation,Reflation,Goldilocks,Reflation,Goldilocks,Reflation,Reflation
2025-08-29,,Goldilocks,Reflation,Reflation,Reflation,Stagflation,Goldilocks,Stagflation,Reflation
2025-09-30,Reflation,Goldilocks,Reflation,Stagflation,Goldilocks,Stagflation,Goldilocks,Stagflation,Reflation
2025-10-31,Risk_Off,Reflation,Reflation,Stagflation,Goldilocks,Reflation,Reflation,Stagflation,Reflation
2025-11-28,,Reflation,Reflation,Reflation,Goldilocks,Reflation,Goldilocks,Reflation,Reflation
2025-12-31,Risk_Off,Reflation,Reflation,Reflation,Goldilocks,Goldilocks,Goldilocks,Goldilocks,Reflation
2026-01-30,Risk_Off,Reflation,Reflation,Reflation,Goldilocks,Risk_Off,Goldilocks,Risk_Off,Reflation
2026-02-27,Stagflation,Reflation,Reflation,Goldilocks,Goldilocks,Goldilocks,Goldilocks,Goldilocks,Reflation
2026-03-31,,Goldilocks,Reflation,Reflation,Goldilocks,Risk_Off,Goldilocks,Risk_Off,Reflation
2026-04-30,,Risk_Off,Goldilocks,Reflation,Goldilocks,Reflation,Goldilocks,Reflation,Reflation
2026-05-29,,Stagflation,Goldilocks,Goldilocks,Goldilocks,Reflation,Goldilocks,Reflation,Reflation
