date,used_level,pit_level,bz_used_level,bz_pit_level,bz_used_chg_3m,bz_pit_chg_3m,bz_used_chg_12m,bz_pit_chg_12m,any_blinded_change,max_blinded_change
2007-12-31,-7.0621,,-1.0,,,,,,False,
2008-01-31,-8.9431,,-1.5,,,,,,False,
2008-02-29,-8.7726,,-1.5,,,,,,False,
2008-03-31,-9.3523,,-1.5,,-0.5,,,,False,
2008-04-30,-8.9126,,-1.0,,1.5,,,,False,
2008-05-30,-8.6187,,-1.0,,2.0,,,,False,
2008-06-30,-7.354,,-0.5,,2.0,,,,False,
2008-07-31,-7.519,,-0.5,,1.0,,,,False,
2008-08-29,-4.7288,,0.5,,2.0,,,,False,
2008-09-30,-0.9044,,2.0,,2.5,,,,False,
2008-10-31,14.2531,,3.0,,3.0,,,,False,
2008-11-28,15.63,,3.0,,2.5,,,,False,
2008-12-31,9.5888,,2.0,,1.0,,1.0,,False,
2009-01-30,15.1772,,2.5,,0.0,,1.5,,False,
2009-02-27,19.3409,,2.5,,0.5,,1.5,,False,
2009-03-31,16.5466,,2.0,,0.5,,1.5,,False,
2009-04-30,16.246,,1.5,,0.0,,1.0,,False,
2009-05-29,10.778,,1.0,,-2.0,,0.5,,False,
2009-06-30,11.2463,,1.0,,-1.5,,0.5,,False,
2009-07-31,9.0355,,1.0,,-1.0,,0.5,,False,
2009-08-31,4.306,,0.5,,-1.0,,0.0,,False,
2009-09-30,0.6514,,0.0,,-1.5,,-1.0,,False,
2009-10-30,-8.0519,,-1.0,,-2.0,,-2.0,,False,
2009-11-30,-9.996,,-1.0,,-2.0,,-2.0,,False,
2009-12-31,-5.8614,,-0.5,,-1.0,,-1.5,,False,
2010-01-29,-8.9838,,-1.0,,0.0,,-1.5,,False,
2010-02-26,-10.4558,,-1.0,,0.0,,-2.0,,False,
2010-03-31,-8.5266,,-1.0,,-0.5,,-1.5,,False,
2010-04-30,-7.4341,,-0.5,,0.0,,-1.5,,False,
2010-05-28,1.0739,,0.0,,1.5,,-0.5,,False,
2010-06-30,-0.9243,,0.0,,1.0,,-0.5,,False,
2010-07-30,-0.1162,,0.0,,1.0,,-0.5,,False,
2010-08-31,-0.1945,,0.0,,0.0,,-0.5,,False,
2010-09-30,-1.2527,,0.0,,0.0,,0.0,,False,
2010-10-29,-2.3908,,-0.5,,0.0,,0.5,,False,
2010-11-30,0.0658,,0.0,,0.0,,0.5,,False,
2010-12-31,-1.734,,0.0,,0.0,,0.0,,False,
2011-01-31,-4.5074,,-0.5,,-0.5,,0.0,,False,
2011-02-28,-4.7649,,-0.5,,-1.0,,0.5,,False,
2011-03-31,-5.2094,,-0.5,,-0.5,,0.0,,False,
2011-04-29,-6.9668,,-1.0,,-0.5,,0.0,,False,
2011-05-31,-8.9757,,-1.0,,-0.5,,-0.5,,False,
2011-06-30,-8.8948,,-1.0,,-0.5,,-0.5,,False,
2011-07-29,-7.9514,,-1.0,,0.0,,-0.5,,False,
2011-08-31,-8.0118,,-1.0,,0.5,,-0.5,,False,
2011-09-30,0.382,,0.0,,1.5,,0.0,,False,
2011-10-31,-0.2638,,0.0,,1.0,,0.0,,False,
2011-11-30,0.6478,,0.0,,1.5,,0.0,,False,
2011-12-30,2.0716,,0.5,,0.5,,0.5,,False,
2012-01-31,1.6579,,0.5,,0.5,,0.5,,False,
2012-02-29,1.4708,,0.5,,0.5,,0.5,,False,
2012-03-30,2.9373,,0.5,,0.5,,1.0,,False,
2012-04-30,6.4008,,1.5,,1.0,,1.5,,False,
2012-05-31,8.2472,,2.0,,1.0,,1.5,,False,
2012-06-29,8.6055,,2.0,,1.0,,1.5,,False,
2012-07-31,9.9562,,2.0,,0.5,,1.5,,False,
2012-08-31,6.3436,,1.5,,-0.5,,1.5,,False,
2012-09-28,-1.593,,0.0,,-1.5,,0.0,,False,
2012-10-31,2.1548,,0.5,,-1.0,,0.5,,False,
2012-11-30,-0.2309,,0.0,,-1.5,,0.0,,False,
2012-12-31,-1.5048,,0.0,,0.0,,0.0,,False,
2013-01-31,0.3947,,0.5,,-0.5,,0.0,,False,
2013-02-28,2.5523,,0.5,,0.5,,0.0,,False,
2013-03-28,2.0704,,0.5,,0.5,,0.0,,False,
2013-04-30,2.2356,,0.5,,0.0,,-0.5,,False,
2013-05-31,-1.4879,,-0.5,,-1.0,,-1.5,,False,
2013-06-28,1.6303,,0.5,,0.0,,-1.0,,False,
2013-07-31,0.5065,,0.0,,0.0,,-1.0,,False,
2013-08-30,1.9301,,0.5,,0.5,,-1.0,,False,
2013-09-30,1.9583,,0.5,,0.0,,0.0,,False,
2013-10-31,1.1253,,0.0,,0.0,,-0.5,,False,
2013-11-29,2.5422,,0.5,,0.0,,0.0,,False,
2013-12-31,2.8435,,0.5,,0.0,,0.5,,False,
2014-01-31,4.4687,,1.0,,0.5,,0.5,,False,
2014-02-28,2.5593,,0.5,,0.0,,-0.5,,False,
2014-03-31,2.6619,2.476,0.5,,0.0,,0.0,,False,
2014-04-30,3.0369,3.2432,0.5,,-0.5,,0.0,,False,
2014-05-30,0.1032,0.4606,-0.5,,-0.5,,0.0,,False,
2014-06-30,-0.7176,-0.5393,-0.5,,-1.0,,-0.5,,False,
2014-07-31,0.1211,0.522,-0.5,,-1.0,,-0.5,,False,
2014-08-29,0.0497,0.2591,-1.0,,0.0,,-1.0,,False,
2014-09-30,3.864,4.4682,0.5,,1.0,,0.0,,False,
2014-10-31,5.1182,4.9874,1.0,,1.0,,0.0,,False,
2014-11-28,6.0454,5.9087,1.0,,1.5,,0.0,,False,
2014-12-31,9.3476,9.1575,2.0,,1.0,,0.5,,False,
2015-01-30,9.6563,9.4916,2.0,,1.0,,0.5,,False,
2015-02-27,11.6022,11.2243,2.5,1.5,1.0,1.0,1.0,2.0,True,1.0
2015-03-31,12.9418,12.6224,2.5,1.5,0.5,0.5,1.0,2.0,True,1.0
2015-04-30,13.0754,11.7758,2.0,1.5,0.5,0.0,1.0,1.5,True,0.5
2015-05-29,12.8928,12.0159,2.0,1.5,0.0,-0.5,1.5,1.5,True,0.5
2015-06-30,13.6925,13.4599,2.0,1.5,0.0,-0.5,2.0,2.0,True,0.5
2015-07-31,15.427,14.7249,2.5,1.5,1.0,0.5,2.0,1.5,True,1.0
2015-08-31,16.0527,16.4422,2.0,1.5,0.5,0.5,2.0,2.0,True,0.5
2015-09-30,14.4606,13.9904,2.0,1.0,0.0,-0.5,1.0,0.5,True,1.0
2015-10-30,12.5532,12.2946,1.5,1.0,-1.0,-1.5,0.5,0.0,True,0.5
2015-11-30,12.0313,11.8625,1.0,0.5,-2.0,-2.0,0.5,0.0,True,0.5
2015-12-31,10.5256,10.2414,1.0,0.5,-1.5,-1.5,-0.5,-1.0,True,0.5
2016-01-29,9.8449,9.4749,0.5,0.0,-1.0,-1.0,-0.5,-1.0,True,0.5
2016-02-29,7.789,8.1628,0.5,0.0,-1.5,-1.5,-1.0,-1.5,True,0.5
2016-03-31,4.073,4.39,-0.5,-0.5,-2.0,-2.0,-2.0,-2.0,False,0.0
2016-04-29,4.6728,5.0162,-0.5,-0.5,-1.5,-1.5,-1.5,-1.5,False,0.0
2016-05-31,5.2015,5.3778,-0.5,-0.5,-1.0,-1.0,-1.5,-1.5,False,0.0
2016-06-30,3.5139,5.3429,-0.5,-0.5,0.5,0.5,-2.0,-1.5,True,0.5
2016-07-29,3.8674,3.8043,-0.5,-1.0,0.0,0.0,-2.0,-2.0,True,0.5
2016-08-31,0.6639,0.512,-1.0,-1.5,-1.5,-1.5,-2.5,-2.5,True,0.5
2016-09-30,1.2449,1.0522,-1.0,-1.0,-1.0,-1.0,-2.0,-2.0,False,0.0
2016-10-31,3.311,3.4843,-0.5,-0.5,0.0,0.0,-1.0,-1.0,False,0.0
2016-11-30,5.0703,5.1392,-0.5,-0.5,1.0,1.0,-1.0,-1.0,False,0.0
2016-12-30,4.8022,4.7586,-0.5,-0.5,1.0,1.0,-1.0,-1.0,False,0.0
2017-01-31,1.2797,1.3605,-1.0,-1.0,-0.5,-0.5,-1.0,-1.0,False,0.0
2017-02-28,2.057,1.3292,-1.0,-1.0,-1.0,-1.0,-0.5,-1.0,True,0.5
2017-03-31,4.2923,4.1075,-0.5,-0.5,0.0,0.0,0.0,0.0,False,0.0
2017-04-28,5.5005,5.1987,-0.5,-0.5,1.5,1.5,0.0,0.0,False,0.0
2017-05-31,1.1092,0.7607,-1.0,-1.5,0.0,0.0,-0.5,-0.5,True,0.5
2017-06-30,0.6286,0.6436,-1.5,-1.5,-1.0,-1.0,-0.5,-0.5,False,0.0
2017-07-31,-1.4963,-1.5753,-1.5,-1.5,-2.0,-2.0,-0.5,-0.5,False,0.0
2017-08-31,-2.3593,-2.6194,-2.0,-2.0,-1.0,-1.0,-0.5,-0.5,False,0.0
2017-09-29,-3.1395,-2.981,-2.0,-2.0,-0.5,-0.5,-0.5,-0.5,False,0.0
2017-10-31,-2.2944,-1.6239,-1.5,-1.5,0.0,0.0,-0.5,-0.5,False,0.0
2017-11-30,-6.1148,-6.5157,-2.0,-2.0,-1.0,-1.0,-1.0,-1.0,False,0.0
2017-12-29,-6.1235,-6.1378,-2.0,-2.0,-1.0,-1.0,-1.0,-1.0,False,0.0
2018-01-31,-7.8676,-8.2381,-2.0,-2.0,-1.5,-1.5,-0.5,-1.0,True,0.5
2018-02-28,-7.0127,-6.0699,-1.5,-1.5,0.0,0.5,-0.5,-0.5,True,0.5
2018-03-29,-5.9245,-5.0166,-1.5,-1.5,1.0,1.0,-1.0,-1.0,False,0.0
2018-04-30,-5.1007,-3.8009,-1.5,-1.0,1.5,1.5,-1.0,-0.5,True,0.5
2018-05-31,-1.5949,-0.4569,-0.5,-0.5,2.0,2.0,0.0,0.5,True,0.5
2018-06-29,1.1742,2.1909,-0.5,0.0,2.5,2.5,0.5,1.0,True,0.5
2018-07-31,3.0833,4.0859,0.0,0.0,2.5,2.0,1.5,1.5,True,0.5
2018-08-31,3.8676,5.9592,0.5,0.5,1.5,1.5,2.0,2.0,False,0.0
2018-09-28,3.1094,5.1806,0.0,0.5,0.5,1.0,1.5,2.0,True,0.5
2018-10-31,3.194,5.4652,0.5,0.5,0.5,0.5,1.5,2.0,True,0.5
2018-11-30,5.437,7.6347,1.0,1.0,0.5,0.5,2.5,2.5,False,0.0
2018-12-31,5.5779,7.6082,1.0,1.5,0.5,0.5,2.5,2.5,True,0.5
2019-01-31,7.3494,9.4054,1.5,1.5,1.0,1.0,2.5,2.5,False,0.0
