strategy,sharpe,max_drawdown,sharpe_diff_vs_uniform_monthly,ci_lo,ci_hi
playbook__llm_sonnet_blinded,0.7559,-0.1568,0.1416,-0.0338,0.3096
playbook__llm_gpt_sol_blinded,0.7104,-0.1887,0.0911,-0.0632,0.2328
playbook__llm_gemini_flash_blinded,0.7177,-0.1884,0.1046,-0.0688,0.2594
playbook__llm_glm_blinded,0.7308,-0.1919,0.1132,-0.0152,0.2273
playbook__llm_ensemble_4,0.7326,-0.1809,0.1160,-0.0386,0.2579
playbook__ml_gbt_blinded,0.5870,-0.2687,-0.0039,-0.1602,0.1175
playbook__ml_gbt,0.7518,-0.1834,0.1390,-0.0842,0.2988
playbook__oracle,0.9610,-0.1434,0.3524,0.0103,0.6614
bl_playbook__llm_sonnet_blinded,0.6494,-0.2400,0.0562,-0.0258,0.1352
bl_playbook__llm_gpt_sol_blinded,0.6462,-0.2387,0.0509,-0.0296,0.1302
bl_playbook__llm_gemini_flash_blinded,0.6565,-0.2320,0.0598,-0.0382,0.1469
bl_playbook__llm_glm_blinded,0.6296,-0.2558,0.0423,-0.0144,0.0985
bl_playbook__llm_ensemble_4,0.6443,-0.2435,0.0517,-0.0221,0.1226
bl_playbook__ml_gbt_blinded,0.5928,-0.2982,0.0168,-0.0586,0.0962
bl_playbook__ml_gbt,0.6536,-0.2579,0.0634,-0.0407,0.1377
bl_playbook__oracle,0.8632,-0.1629,0.2542,0.0075,0.4523
sixty_forty,0.6552,-0.3187,,,
