infl,growth
2007-12-31,2007-12-31
2008-09-30,2008-04-30
2008-11-28,2008-08-29
2009-02-27,2008-12-31
2009-06-30,2009-03-31
2009-09-30,2009-07-31
2010-12-31,2010-02-26
2011-05-31,2010-06-30
2011-08-31,2011-02-28
2011-12-30,2011-11-30
2013-11-29,2012-03-30
2015-03-31,2012-12-31
2015-12-31,2014-01-31
2016-03-31,2014-07-31
2016-09-30,2014-11-28
2017-02-28,2015-12-31
2018-07-31,2016-07-29
2019-03-29,2017-05-31
2020-06-30,2018-01-31
2021-02-26,2018-05-31
2021-05-28,2018-11-30
2021-09-30,2019-03-29
2021-12-31,2019-09-30
2022-03-31,2020-06-30
2023-07-31,2021-06-30
2023-11-30,2024-03-28
2024-02-29,2024-09-30
2024-07-31,2025-06-30
2024-10-31,2026-01-30
2026-05-29,2026-02-27
