date,signed_shift,moved_tv,noise_tv,forecaster,edit,excess
2007-12-31,-0.0040,0.0230,0.0000,ml_logit_blinded,infl,0.0230
2008-09-30,-0.0251,0.0251,0.0000,ml_logit_blinded,infl,0.0251
2008-11-28,-0.0831,0.2579,0.0000,ml_logit_blinded,infl,0.2579
2009-02-27,0.0275,0.0407,0.0000,ml_logit_blinded,infl,0.0407
2009-06-30,0.2226,0.2664,0.0000,ml_logit_blinded,infl,0.2664
2009-09-30,0.0431,0.0431,0.0000,ml_logit_blinded,infl,0.0431
2010-12-31,0.3221,0.3389,0.0000,ml_logit_blinded,infl,0.3389
2011-05-31,0.0801,0.1868,0.0000,ml_logit_blinded,infl,0.1868
2011-08-31,0.3242,0.3242,0.0000,ml_logit_blinded,infl,0.3242
2011-12-30,0.1149,0.1864,0.0000,ml_logit_blinded,infl,0.1864
2013-11-29,-0.0910,0.1758,0.0000,ml_logit_blinded,infl,0.1758
2015-03-31,-0.0357,0.4230,0.0000,ml_logit_blinded,infl,0.4230
2015-12-31,0.1928,0.2145,0.0000,ml_logit_blinded,infl,0.2145
2016-03-31,0.2667,0.4043,0.0000,ml_logit_blinded,infl,0.4043
2016-09-30,0.0921,0.1612,0.0000,ml_logit_blinded,infl,0.1612
2017-02-28,-0.1617,0.1670,0.0000,ml_logit_blinded,infl,0.1670
2018-07-31,-0.0486,0.3820,0.0000,ml_logit_blinded,infl,0.3820
2019-03-29,-0.0337,0.5036,0.0000,ml_logit_blinded,infl,0.5036
2020-06-30,0.1389,0.7145,0.0000,ml_logit_blinded,infl,0.7145
2021-02-26,0.0083,0.1729,0.0000,ml_logit_blinded,infl,0.1729
2021-05-28,0.1377,0.7150,0.0000,ml_logit_blinded,infl,0.7150
2021-09-30,-0.0249,0.1216,0.0000,ml_logit_blinded,infl,0.1216
2021-12-31,0.1306,0.3633,0.0000,ml_logit_blinded,infl,0.3633
2022-03-31,0.5715,0.5741,0.0000,ml_logit_blinded,infl,0.5741
2023-07-31,-0.0194,0.3105,0.0000,ml_logit_blinded,infl,0.3105
2023-11-30,0.3211,0.3859,0.0000,ml_logit_blinded,infl,0.3859
2024-02-29,0.1720,0.1720,0.0000,ml_logit_blinded,infl,0.1720
2024-07-31,0.1596,0.2232,0.0000,ml_logit_blinded,infl,0.2232
2024-10-31,0.0527,0.0604,0.0000,ml_logit_blinded,infl,0.0604
2026-05-29,0.3715,0.4918,0.0000,ml_logit_blinded,infl,0.4918
2007-12-31,0.0214,0.0226,0.0000,ml_logit_blinded,growth,0.0226
2008-04-30,0.0067,0.0633,0.0000,ml_logit_blinded,growth,0.0633
2008-08-29,-0.3907,0.4199,0.0000,ml_logit_blinded,growth,0.4199
2008-12-31,-0.5309,0.7834,0.0000,ml_logit_blinded,growth,0.7834
2009-03-31,0.1004,0.7708,0.0000,ml_logit_blinded,growth,0.7708
2009-07-31,0.3029,0.3437,0.0000,ml_logit_blinded,growth,0.3437
2010-02-26,0.1456,0.5779,0.0000,ml_logit_blinded,growth,0.5779
2010-06-30,0.0058,0.1775,0.0000,ml_logit_blinded,growth,0.1775
2011-02-28,-0.1020,0.2467,0.0000,ml_logit_blinded,growth,0.2467
2011-11-30,-0.0251,0.0973,0.0000,ml_logit_blinded,growth,0.0973
2012-03-30,-0.0725,0.1779,0.0000,ml_logit_blinded,growth,0.1779
2012-12-31,-0.2979,0.3256,0.0000,ml_logit_blinded,growth,0.3256
2014-01-31,0.1258,0.1554,0.0000,ml_logit_blinded,growth,0.1554
2014-07-31,-0.0735,0.3576,0.0000,ml_logit_blinded,growth,0.3576
2014-11-28,-0.2009,0.2009,0.0000,ml_logit_blinded,growth,0.2009
2015-12-31,0.1277,0.2811,0.0000,ml_logit_blinded,growth,0.2811
2016-07-29,-0.0124,0.1761,0.0000,ml_logit_blinded,growth,0.1761
2017-05-31,0.3695,0.3695,0.0000,ml_logit_blinded,growth,0.3695
2018-01-31,0.3093,0.3281,0.0000,ml_logit_blinded,growth,0.3281
2018-05-31,0.0620,0.1053,0.0000,ml_logit_blinded,growth,0.1053
2018-11-30,-0.0218,0.0992,0.0000,ml_logit_blinded,growth,0.0992
2019-03-29,0.3270,0.3357,0.0000,ml_logit_blinded,growth,0.3357
2019-09-30,-0.3755,0.4117,0.0000,ml_logit_blinded,growth,0.4117
2020-06-30,-0.0330,0.1497,0.0000,ml_logit_blinded,growth,0.1497
2021-06-30,0.0100,0.3392,0.0000,ml_logit_blinded,growth,0.3392
2024-03-28,-0.2881,0.2949,0.0000,ml_logit_blinded,growth,0.2949
2024-09-30,-0.1337,0.1337,0.0000,ml_logit_blinded,growth,0.1337
2025-06-30,-0.0401,0.1419,0.0000,ml_logit_blinded,growth,0.1419
2026-01-30,-0.0069,0.0949,0.0000,ml_logit_blinded,growth,0.0949
2026-02-27,-0.0472,0.2105,0.0000,ml_logit_blinded,growth,0.2105
2007-12-31,-0.1330,0.1419,0.0000,ml_gbt_blinded,infl,0.1419
2008-09-30,-0.0294,0.1146,0.0000,ml_gbt_blinded,infl,0.1146
2008-11-28,0.0402,0.0524,0.0000,ml_gbt_blinded,infl,0.0524
2009-02-27,0.0186,0.0321,0.0000,ml_gbt_blinded,infl,0.0321
2009-06-30,-0.0023,0.0687,0.0000,ml_gbt_blinded,infl,0.0687
2009-09-30,-0.1721,0.1753,0.0000,ml_gbt_blinded,infl,0.1753
2010-12-31,0.2544,0.2720,0.0000,ml_gbt_blinded,infl,0.2720
2011-05-31,-0.2270,0.2319,0.0000,ml_gbt_blinded,infl,0.2319
2011-08-31,0.1391,0.1443,0.0000,ml_gbt_blinded,infl,0.1443
2011-12-30,0.2183,0.2514,0.0000,ml_gbt_blinded,infl,0.2514
2013-11-29,0.1018,0.2236,0.0000,ml_gbt_blinded,infl,0.2236
2015-03-31,0.0467,0.1012,0.0000,ml_gbt_blinded,infl,0.1012
2015-12-31,-0.1546,0.3184,0.0000,ml_gbt_blinded,infl,0.3184
2016-03-31,0.1020,0.1484,0.0000,ml_gbt_blinded,infl,0.1484
2016-09-30,0.1195,0.2314,0.0000,ml_gbt_blinded,infl,0.2314
2017-02-28,-0.0372,0.0485,0.0000,ml_gbt_blinded,infl,0.0485
2018-07-31,0.0355,0.2687,0.0000,ml_gbt_blinded,infl,0.2687
2019-03-29,0.0859,0.1939,0.0000,ml_gbt_blinded,infl,0.1939
2020-06-30,0.4052,0.4519,0.0000,ml_gbt_blinded,infl,0.4519
2021-02-26,-0.0580,0.0954,0.0000,ml_gbt_blinded,infl,0.0954
2021-05-28,0.0620,0.1212,0.0000,ml_gbt_blinded,infl,0.1212
2021-09-30,-0.0378,0.0569,0.0000,ml_gbt_blinded,infl,0.0569
2021-12-31,0.2115,0.2839,0.0000,ml_gbt_blinded,infl,0.2839
2022-03-31,0.3295,0.3321,0.0000,ml_gbt_blinded,infl,0.3321
2023-07-31,0.2310,0.3559,0.0000,ml_gbt_blinded,infl,0.3559
2023-11-30,-0.0458,0.0596,0.0000,ml_gbt_blinded,infl,0.0596
2024-02-29,-0.0371,0.0394,0.0000,ml_gbt_blinded,infl,0.0394
2024-07-31,0.0399,0.1106,0.0000,ml_gbt_blinded,infl,0.1106
2024-10-31,0.0039,0.0238,0.0000,ml_gbt_blinded,infl,0.0238
2026-05-29,0.2159,0.2253,0.0000,ml_gbt_blinded,infl,0.2253
2007-12-31,0.0776,0.0776,0.0000,ml_gbt_blinded,growth,0.0776
2008-04-30,0.0515,0.0894,0.0000,ml_gbt_blinded,growth,0.0894
2008-08-29,-0.2712,0.3423,0.0000,ml_gbt_blinded,growth,0.3423
2008-12-31,0.0442,0.1689,0.0000,ml_gbt_blinded,growth,0.1689
2009-03-31,0.0374,0.1286,0.0000,ml_gbt_blinded,growth,0.1286
2009-07-31,-0.0243,0.1031,0.0000,ml_gbt_blinded,growth,0.1031
2010-02-26,0.0243,0.2564,0.0000,ml_gbt_blinded,growth,0.2564
2010-06-30,0.0092,0.0493,0.0000,ml_gbt_blinded,growth,0.0493
2011-02-28,-0.1223,0.4512,0.0000,ml_gbt_blinded,growth,0.4512
2011-11-30,-0.0420,0.0639,0.0000,ml_gbt_blinded,growth,0.0639
2012-03-30,-0.2152,0.3765,0.0000,ml_gbt_blinded,growth,0.3765
2012-12-31,-0.0156,0.0156,0.0000,ml_gbt_blinded,growth,0.0156
2014-01-31,0.2222,0.2660,0.0000,ml_gbt_blinded,growth,0.2660
2014-07-31,-0.1202,0.1300,0.0000,ml_gbt_blinded,growth,0.1300
2014-11-28,-0.1958,0.1998,0.0000,ml_gbt_blinded,growth,0.1998
2015-12-31,0.1703,0.3083,0.0000,ml_gbt_blinded,growth,0.3083
2016-07-29,-0.0912,0.0912,0.0000,ml_gbt_blinded,growth,0.0912
2017-05-31,0.1895,0.1909,0.0000,ml_gbt_blinded,growth,0.1909
2018-01-31,0.1386,0.2498,0.0000,ml_gbt_blinded,growth,0.2498
2018-05-31,0.0319,0.0860,0.0000,ml_gbt_blinded,growth,0.0860
2018-11-30,0.0079,0.0696,0.0000,ml_gbt_blinded,growth,0.0696
2019-03-29,-0.0188,0.1225,0.0000,ml_gbt_blinded,growth,0.1225
2019-09-30,0.0538,0.1042,0.0000,ml_gbt_blinded,growth,0.1042
2020-06-30,0.0830,0.0944,0.0000,ml_gbt_blinded,growth,0.0944
2021-06-30,-0.0021,0.2640,0.0000,ml_gbt_blinded,growth,0.2640
2024-03-28,-0.1313,0.1313,0.0000,ml_gbt_blinded,growth,0.1313
2024-09-30,-0.1008,0.2566,0.0000,ml_gbt_blinded,growth,0.2566
2025-06-30,-0.0693,0.0977,0.0000,ml_gbt_blinded,growth,0.0977
2026-01-30,-0.0836,0.1316,0.0000,ml_gbt_blinded,growth,0.1316
2026-02-27,0.0480,0.0716,0.0000,ml_gbt_blinded,growth,0.0716
