forecaster,edit,n,failed,moved_tv,noise_tv,moved_minus_noise,ci_lo,ci_hi,n_noise,signed_shift,signed_ci_lo,signed_ci_hi,follow_rate,ignored_rate,against_rate
claude_sonnet,infl,30,0,0.3683,0.0477,0.3207,0.2677,0.3700,30,0.3643,0.3143,0.4113,1.0000,0.0000,0.0000
claude_sonnet,growth,30,0,0.3140,0.0643,0.2497,0.1900,0.3093,30,0.2950,0.2273,0.3587,0.9000,0.0667,0.0333
gpt_sol,infl,30,0,0.5200,0.0360,0.4840,0.4177,0.5453,30,0.5200,0.4563,0.5777,0.9667,0.0333,0.0000
gpt_sol,growth,30,0,0.4240,0.0380,0.3860,0.3036,0.4627,30,0.4003,0.3010,0.4890,0.8667,0.0333,0.1000
gemini_flash,infl,30,0,0.6060,0.0410,0.5650,0.5050,0.6183,30,0.6043,0.5440,0.6570,1.0000,0.0000,0.0000
gemini_flash,growth,30,0,0.5283,0.0450,0.4833,0.3933,0.5633,30,0.5033,0.3950,0.5984,0.8667,0.0667,0.0667
glm,infl,30,0,0.4733,0.1073,0.3660,0.3190,0.4117,30,0.4717,0.4337,0.5097,1.0000,0.0000,0.0000
glm,growth,30,0,0.3657,0.1257,0.2400,0.1660,0.3097,30,0.3427,0.2750,0.4080,0.9333,0.0667,0.0000
ml_logit_blinded,infl,30,0,0.2810,0.0000,0.2810,0.2166,0.3473,30,0.1074,0.0519,0.1656,0.5667,0.3333,0.1000
ml_logit_blinded,growth,30,0,0.2731,0.0000,0.2731,0.2104,0.3415,30,-0.0246,-0.1040,0.0488,0.3000,0.3667,0.3333
ml_gbt_blinded,infl,30,0,0.1725,0.0000,0.1725,0.1343,0.2121,30,0.0576,0.0053,0.1099,0.4333,0.4000,0.1667
ml_gbt_blinded,growth,30,0,0.1663,0.0000,0.1663,0.1297,0.2061,30,-0.0105,-0.0512,0.0309,0.2667,0.4000,0.3333
