date,Goldilocks,Reflation,Stagflation,Risk_Off,confidence,attempts,response_id,model_returned
2007-12-31,0.0900,0.1500,0.4400,0.3200,0.5800,1.0000,resp_0d2087bd72f721a9006ac66d9e4d7487d2b46a5242e082e959,gpt-6.1-sol
2008-04-30,0.0800,0.0500,0.3000,0.5700,0.6300,1.0000,resp_0f040aef2259e486006ac6720ac94087d2a3ef34e31eb8dd72,gpt-6.1-sol
2008-08-29,0.0600,0.0900,0.5800,0.2700,0.6100,1.0000,resp_0f398005910e4fa6006ac67237f22487d28aba1e90788d204d,gpt-6.1-sol
2008-12-31,0.0900,0.0200,0.0300,0.8600,0.8700,1.0000,resp_061ff3f0c91977c7006ac6725c16b887d28f7a1eebd81dedec,gpt-6.1-sol
2009-04-30,0.1500,0.0800,0.2200,0.5500,0.6200,1.0000,resp_0b7602f1085e707e006ac6728a07d087d2a55ea09c4eb7e0fd,gpt-6.1-sol
2009-08-31,0.6900,0.1400,0.0400,0.1300,0.6800,1.0000,resp_0b62af724864be44006ac672bf983c87d29cfe757a83e6baae,gpt-6.1-sol
2009-12-31,0.2100,0.6500,0.1000,0.0400,0.6400,1.0000,resp_083288d8b22a306b006ac672e7394c87d2bbce15b2f704d48a,gpt-6.1-sol
2010-04-30,0.6800,0.2200,0.0500,0.0500,0.7000,1.0000,resp_0b3bf80bd85e2e35006ac6730df04c87d2ac49c8a8c53b7f07,gpt-6.1-sol
2010-08-31,0.3600,0.2600,0.1700,0.2100,0.4600,1.0000,resp_02678688321c6d34006ac6733a14e487d29a89cbc6d5081a22,gpt-6.1-sol
2010-12-31,0.5700,0.2400,0.0800,0.1100,0.5500,1.0000,resp_07387296951f1d9d006ac67360d38087d283d5d698efe9bc11,gpt-6.1-sol
2011-04-29,0.1500,0.5500,0.2500,0.0500,0.5800,1.0000,resp_00c0157ba94a73c4006ac6738f960487d2bb4d10bc5d3fd907,gpt-6.1-sol
2011-08-31,0.0600,0.1400,0.5500,0.2500,0.6000,1.0000,resp_01540551fba41317006ac66dc3ceb487d2849f742c90394f57,gpt-6.1-sol
2011-12-30,0.1400,0.4200,0.3300,0.1100,0.4800,1.0000,resp_0942dfacc24740be006ac673e8133087d2bfb39ad6d6905410,gpt-6.1-sol
2012-04-30,0.2300,0.1300,0.2900,0.3500,0.4200,1.0000,resp_090adb977bc9c1cf006ac6741ed59487d2a537470f269ebff9,gpt-6.1-sol
2012-08-31,0.3500,0.0800,0.1200,0.4500,0.5300,1.0000,resp_0a3a221bbd7eff86006ac67444ca6887d288158487441c2326,gpt-6.1-sol
2012-12-31,0.3700,0.2800,0.1800,0.1700,0.4000,1.0000,resp_03dce7398f457878006ac6747e90b887d29b3f90a850f4b0bf,gpt-6.1-sol
2013-04-30,0.4300,0.1500,0.1200,0.3000,0.5200,1.0000,resp_0d1272a9b4ad5af0006ac674b4a26087d2aff7d43d95bcdc08,gpt-6.1-sol
2013-08-30,0.2500,0.2800,0.3200,0.1500,0.4200,1.0000,resp_0d4cf384c3435e40006ac674dbfde087d289ff63906b335e74,gpt-6.1-sol
2013-12-31,0.7000,0.2200,0.0500,0.0300,0.7200,1.0000,resp_046bac4b3a2c653b006ac6750c4b7c87d2b92d2a7aab654570,gpt-6.1-sol
2014-04-30,0.4600,0.1700,0.1200,0.2500,0.5200,1.0000,resp_0bcabfc17c4045fe006ac6753cb84c87d292d0dc9c7c99fad1,gpt-6.1-sol
2014-08-29,0.2700,0.3400,0.2300,0.1600,0.4300,1.0000,resp_01293a97c06d07da006ac6756641a087d28264e7a24dd6d806,gpt-6.1-sol
2014-12-31,0.5000,0.1300,0.0700,0.3000,0.5500,1.0000,resp_00109d887c0a7a24006ac6759d224087d2b7952cf7944c9e1e,gpt-6.1-sol
2015-04-30,0.0800,0.1200,0.4600,0.3400,0.6000,1.0000,resp_0918a3695e242635006ac66dec4fe887d2be25d5cd6d80cabf,gpt-6.1-sol
2015-08-31,0.1000,0.0800,0.3500,0.4700,0.5600,1.0000,resp_0a40c83b022efa49006ac675ec641087d28941d71debd7b7eb,gpt-6.1-sol
2015-12-31,0.0600,0.1100,0.6200,0.2100,0.6500,1.0000,resp_0e421522a0d9edaa006ac67620653887d291f36dcdaa824df5,gpt-6.1-sol
2016-04-29,0.1900,0.3000,0.3800,0.1300,0.4500,1.0000,resp_06292792e1e180ab006ac67644314487d2831e00f58b24ca89,gpt-6.1-sol
2016-08-31,0.4400,0.1700,0.1400,0.2500,0.5500,1.0000,resp_0e7a2e4ee7262c00006ac6767e27f887d2a848bad033f39d13,gpt-6.1-sol
2016-12-30,0.3000,0.3500,0.2300,0.1200,0.4600,1.0000,resp_0012aecccf00ff9f006ac676ab364487d2b64a80675c27ff44,gpt-6.1-sol
2017-04-28,0.4500,0.2800,0.1500,0.1200,0.5500,1.0000,resp_07c115107d425361006ac676d3c3b487d29ebd8152f6e0c89a,gpt-6.1-sol
2017-08-31,0.5200,0.1000,0.0800,0.3000,0.5800,1.0000,resp_073753c8113d2ec4006ac676ffd25487d29932e88c125cdd47,gpt-6.1-sol
2017-12-29,0.3600,0.4400,0.1200,0.0800,0.5500,1.0000,resp_04ee3b30f6bbe7b9006ac67732219087d2a697a48eba9a837d,gpt-6.1-sol
2018-04-30,0.1200,0.2500,0.4800,0.1500,0.5900,1.0000,resp_029cc2855a11519f006ac677576dd487d294c584df82328baa,gpt-6.1-sol
2018-08-31,0.0900,0.2700,0.4800,0.1600,0.5500,1.0000,resp_0cb1b5f482c86c27006ac6778d69d087d2bd37afc3de5d3bc5,gpt-6.1-sol
2018-12-31,0.1000,0.0400,0.2000,0.6600,0.7400,1.0000,resp_00ae8c0eee737de5006ac66e145e0887d29a035a0faa9ee7f9,gpt-6.1-sol
2019-04-30,0.3000,0.0400,0.0700,0.5900,0.6500,1.0000,resp_0564c066a19a0982006ac677dce89087d2bc0a2ba7b59f1228,gpt-6.1-sol
2019-08-30,0.1800,0.1000,0.3000,0.4200,0.5000,1.0000,resp_0160fec930d2b755006ac6780b397c87d2b8d00acb86eb6b55,gpt-6.1-sol
2019-12-31,0.2500,0.1800,0.2600,0.3100,0.3800,1.0000,resp_0df9b9b6ab78ab89006ac6782c0ee087d28b726e117ab98b74,gpt-6.1-sol
2020-04-30,0.1000,0.0200,0.0400,0.8400,0.8200,1.0000,resp_078bb11d76ea8727006ac6785b27ec87d2a476907a168b2901,gpt-6.1-sol
2020-08-31,0.2500,0.6200,0.0800,0.0500,0.6500,1.0000,resp_05930f8115d03f42006ac67888a09887d2ae15ad6d27c0e2e8,gpt-6.1-sol
2020-12-31,0.4000,0.2800,0.1300,0.1900,0.4500,1.0000,resp_036a745fc44c2526006ac678a90a1887d2b908a571655e5e07,gpt-6.1-sol
2021-04-30,0.2600,0.5800,0.1100,0.0500,0.6000,1.0000,resp_080bcf4f5c791c6f006ac678d5d01887d2a1f1449d34c7ebaa,gpt-6.1-sol
2021-08-31,0.1200,0.3200,0.4800,0.0800,0.5500,1.0000,resp_028e44d4752dcb61006ac678ff562087d28d1b532996063062,gpt-6.1-sol
2021-12-31,0.1000,0.5300,0.3100,0.0600,0.6000,1.0000,resp_04397525878678c9006ac679261cb887d28620c1629cdac7ca,gpt-6.1-sol
2022-04-29,0.0700,0.4600,0.4200,0.0500,0.5800,1.0000,resp_09031738e9a7a1dc006ac679541d4487d2a258fea5fbd8b8d6,gpt-6.1-sol
2022-08-31,0.2200,0.1100,0.2500,0.4200,0.4800,1.0000,resp_0183bb223be90d3a006ac66e3bd79887d2a392a07355f7d968,gpt-6.1-sol
2022-12-30,0.4800,0.0600,0.0700,0.3900,0.5500,1.0000,resp_0ac1899d7aa04acf006ac679acadf087d2bc5759060eb3d61c,gpt-6.1-sol
2023-04-28,0.4400,0.0800,0.0900,0.3900,0.5000,1.0000,resp_06497ecd22f5393b006ac679daa77c87d2b8ac5cec533383b1,gpt-6.1-sol
2023-08-31,0.3700,0.0600,0.0800,0.4900,0.6100,1.0000,resp_02931c64a14676bd006ac679fd574887d2bcc610ad6b3a4d2a,gpt-6.1-sol
2023-12-29,0.5200,0.1000,0.0800,0.3000,0.5600,1.0000,resp_04ab2d0c21b97405006ac67a27d69c87d29aa594c548be095f,gpt-6.1-sol
2024-04-30,0.3900,0.1000,0.1000,0.4100,0.4600,1.0000,resp_09a3a84579fb9b95006ac67a5369f887d282132d3f15e2541b,gpt-6.1-sol
2024-08-30,0.3500,0.0500,0.0800,0.5200,0.5700,1.0000,resp_09b54262d2ca89c5006ac67a759cdc87d298ff400d32aa5479,gpt-6.1-sol
2024-12-31,0.2000,0.1500,0.3200,0.3300,0.4500,1.0000,resp_06cf4d031ef1edd6006ac67aa363e487d2b6407aabd38c2d71,gpt-6.1-sol
2025-04-30,0.3000,0.0400,0.0800,0.5800,0.6400,1.0000,resp_04d9177fdb5a595d006ac67ad6511487d28140dc8fce62736c,gpt-6.1-sol
2025-08-29,0.1000,0.2500,0.4900,0.1600,0.5500,1.0000,resp_04f2eb61bb1a58c3006ac67af35ba487d29985a478606be167,gpt-6.1-sol
2025-12-31,0.2900,0.1600,0.2200,0.3300,0.4000,1.0000,resp_06c42a76a0c5ffa0006ac67b204e1087d2ae8dccc260a2e3d6,gpt-6.1-sol
2026-04-30,0.1300,0.5700,0.2300,0.0700,0.6000,1.0000,resp_0ce58815f8b3695a006ac66e5fbfc487d2850602c175a2fe1b,gpt-6.1-sol
