date,guess_year,guess_month,confidence,error_months,attempts,response_id,model_returned
2007-12-31,2008.0000,2.0000,0.9500,2.0000,1.0000,resp_081c59d3644b2fad006ac67dd06f6487d2ae188a33f5721655,gpt-6.1-sol
2008-01-31,2008.0000,1.0000,0.9200,0.0000,1.0000,resp_001be3f5d145783c006ac67df9a24887d2bb4323123f931d7d,gpt-6.1-sol
2008-02-29,2008.0000,2.0000,0.9700,0.0000,1.0000,resp_0b6a698ed9c78943006ac67e19b0f487d29c3110306cfae8d8,gpt-6.1-sol
2008-03-31,2008.0000,3.0000,0.9300,0.0000,1.0000,resp_0923d4568107e5f1006ac67e399ad487d2bb1069568815a6bf,gpt-6.1-sol
2008-04-30,2008.0000,4.0000,0.9100,0.0000,1.0000,resp_047c9250abbd9ba6006ac67e5c520487d2a67e1ace4327a73c,gpt-6.1-sol
2008-05-30,2008.0000,5.0000,0.9700,0.0000,1.0000,resp_0afb6f95b42d72fd006ac67e82922087d282df41c38baf73a9,gpt-6.1-sol
2008-06-30,2008.0000,6.0000,0.9400,0.0000,1.0000,resp_0964ee3a2e28ffa3006ac67e9803fc87d2a1ecdc24d5c112dc,gpt-6.1-sol
2008-07-31,2008.0000,7.0000,0.9400,0.0000,1.0000,resp_0b3fd55ef616627c006ac67ec0d1d487d28f8dd285e0a50ef5,gpt-6.1-sol
2008-08-29,2008.0000,8.0000,0.9600,0.0000,1.0000,resp_07cdbfdc7d9bfef6006ac67ee43f7087d2bf6ec805a439087a,gpt-6.1-sol
2008-09-30,2008.0000,9.0000,0.9700,0.0000,1.0000,resp_06ea5a366aff8b33006ac67efa916887d29f2fdf5ff10091e6,gpt-6.1-sol
2008-10-31,2008.0000,10.0000,0.9900,0.0000,1.0000,resp_0ff4ca9228dca528006ac67f136f1c87d287920e43eef0cf0d,gpt-6.1-sol
2008-11-28,2008.0000,11.0000,0.9800,0.0000,1.0000,resp_0c07fe8d9f30ab35006ac67f1fdb7c87d2b3b23947c9a54a62,gpt-6.1-sol
2008-12-31,2008.0000,12.0000,0.9600,0.0000,1.0000,resp_043ee7fe482e153d006ac67f2ea9c487d2abf6681dd14d0c85,gpt-6.1-sol
2009-01-30,2009.0000,1.0000,0.9800,0.0000,1.0000,resp_0e34e895cd17df93006ac67f5319b487d2a132880d06e18a8c,gpt-6.1-sol
2009-02-27,2009.0000,2.0000,0.9700,0.0000,1.0000,resp_084f1d9300be6c54006ac67f68e26887d29baff0a1fb82258c,gpt-6.1-sol
2009-03-31,2009.0000,3.0000,0.9600,0.0000,1.0000,resp_01ea868b15c991a4006ac67f81621c87d2a9e46a4bd8093929,gpt-6.1-sol
2009-04-30,2009.0000,4.0000,0.9600,0.0000,1.0000,resp_090f9b2e08ca276b006ac67f9e51a887d2855c3ce41c36c0d0,gpt-6.1-sol
2009-05-29,2009.0000,5.0000,0.9700,0.0000,1.0000,resp_00a0be531d741067006ac67fbe589887d288565dd3475407dd,gpt-6.1-sol
2009-06-30,2009.0000,6.0000,0.9600,0.0000,1.0000,resp_0392d5e7e0f7182f006ac67fd17aa487d2aeec76f603e60e8f,gpt-6.1-sol
2009-07-31,2009.0000,7.0000,0.9700,0.0000,1.0000,resp_0f22cd2ab3dbde9e006ac67fe4d32087d2a788f7bfb6e3f3a3,gpt-6.1-sol
2009-08-31,2009.0000,8.0000,0.9700,0.0000,1.0000,resp_089341bb676bdf4e006ac6800d2b5c87d2a77bf5fe423c3728,gpt-6.1-sol
2009-09-30,2009.0000,9.0000,0.9300,0.0000,1.0000,resp_0518f0cc16849aec006ac6803174c487d2b0ab797ddad76d13,gpt-6.1-sol
2009-10-30,2009.0000,10.0000,0.9100,0.0000,1.0000,resp_020a9e5ba2122032006ac680546bc487d299e4b17ac936757e,gpt-6.1-sol
2009-11-30,2009.0000,11.0000,0.9600,0.0000,1.0000,resp_0cefb6e3ad5e338c006ac68079baa087d2988c5800f46cb746,gpt-6.1-sol
2009-12-31,2009.0000,12.0000,0.9400,0.0000,1.0000,resp_0b7859aa8ee1fee9006ac680960bc487d2aa01d5fbb2957f74,gpt-6.1-sol
2010-01-29,2010.0000,1.0000,0.9600,0.0000,1.0000,resp_00176814b7a43ef4006ac680c8220487d286e1070047f8cca6,gpt-6.1-sol
2010-02-26,2010.0000,2.0000,0.8800,0.0000,1.0000,resp_09ebe14b4dd6c12f006ac680efe8b487d2b6c6752fdafafc80,gpt-6.1-sol
2010-03-31,2010.0000,3.0000,0.9100,0.0000,1.0000,resp_05e830d6e8dd590f006ac68123d3b087d28ffa4946c224fe8a,gpt-6.1-sol
2010-04-30,2010.0000,4.0000,0.8600,0.0000,1.0000,resp_0c703b382c8369b8006ac6815679a087d28c35f0a030c31838,gpt-6.1-sol
2010-05-28,2010.0000,5.0000,0.9000,0.0000,1.0000,resp_03dcc711897ef1da006ac6818de48487d298d9feb855a32a9b,gpt-6.1-sol
2010-06-30,2010.0000,6.0000,0.9000,0.0000,1.0000,resp_0ce30bf51edcb0bc006ac681b43d1487d2afe93cfcfa605220,gpt-6.1-sol
2010-07-30,2010.0000,7.0000,0.9500,0.0000,1.0000,resp_0efbbdce0679795b006ac681d536c487d2861ccf90d5fd2048,gpt-6.1-sol
2010-08-31,2010.0000,8.0000,0.9000,0.0000,1.0000,resp_03c4b8c31f00ad1c006ac681f6842c87d295afa387131616d7,gpt-6.1-sol
2010-09-30,2010.0000,9.0000,0.9400,0.0000,1.0000,resp_01c5727b9ec87a70006ac68223d16c87d280642cc082e62518,gpt-6.1-sol
2010-10-29,2010.0000,10.0000,0.9100,0.0000,1.0000,resp_09003dddd98cc8d9006ac68251cb4487d2b6d771839d5a09d5,gpt-6.1-sol
2010-11-30,2010.0000,11.0000,0.9400,0.0000,1.0000,resp_0092d928f71273a5006ac68270211487d2814c3e56fab52390,gpt-6.1-sol
2010-12-31,2010.0000,12.0000,0.8700,0.0000,1.0000,resp_0af9aa2b6404b4b4006ac68291abc487d289fce4e7d2a4562c,gpt-6.1-sol
2011-01-31,2011.0000,1.0000,0.9500,0.0000,1.0000,resp_0c73733778dfec22006ac682c0216887d289207034d9bf9fd7,gpt-6.1-sol
2011-02-28,2011.0000,2.0000,0.9000,0.0000,1.0000,resp_0febecd7ec2a0096006ac682e19d6487d29ebcc47e5a0be0cc,gpt-6.1-sol
2011-03-31,2011.0000,3.0000,0.8400,0.0000,1.0000,resp_0894a9035423887a006ac68309f50c87d2a2ba8bd79c0c1129,gpt-6.1-sol
2011-04-29,2011.0000,4.0000,0.9700,0.0000,1.0000,resp_0aeb623fe21f190e006ac6832fe49c87d2a63ff56c43d2cc9a,gpt-6.1-sol
2011-05-31,2011.0000,5.0000,0.7800,0.0000,1.0000,resp_0303c6a01691f339006ac68354f15887d29d618a6d68a2fc8e,gpt-6.1-sol
2011-06-30,2011.0000,6.0000,0.9400,0.0000,1.0000,resp_0f8272c5a98785a3006ac68386d0a487d2b953b74f26421203,gpt-6.1-sol
2011-07-29,2011.0000,7.0000,0.9100,0.0000,1.0000,resp_09630393c2babd64006ac683ae4fa087d2a84c615f3f178cbf,gpt-6.1-sol
2011-08-31,2011.0000,8.0000,0.9600,0.0000,1.0000,resp_04ea887b0f2fbd4a006ac683d41a5087d2ba2a9c2bccd770b5,gpt-6.1-sol
2011-09-30,2011.0000,9.0000,0.9800,0.0000,1.0000,resp_086b0fd57d5bde5c006ac68401adbc87d2ac2e53371328e727,gpt-6.1-sol
2011-10-31,2011.0000,10.0000,0.9600,0.0000,1.0000,resp_071b12464ab2139e006ac6840dc0c887d2938446845886ee2e,gpt-6.1-sol
2011-11-30,2011.0000,11.0000,0.9000,0.0000,1.0000,resp_04a8f4a752ddaef8006ac6842454c087d291392f7a0cf4e50c,gpt-6.1-sol
2011-12-30,2011.0000,12.0000,0.9700,0.0000,1.0000,resp_076abb074d6321e9006ac68452a77c87d2acd1cb71b6cd2a7c,gpt-6.1-sol
2012-01-31,2012.0000,1.0000,0.9600,0.0000,1.0000,resp_024c23b7d6573586006ac684816f1887d29054805514942136,gpt-6.1-sol
2012-02-29,2012.0000,2.0000,0.9300,0.0000,1.0000,resp_08c95a999fdc0d29006ac684a1197487d29542e8ecc87a56c3,gpt-6.1-sol
2012-03-30,2012.0000,3.0000,0.9400,0.0000,1.0000,resp_06338c776e8a0a96006ac684bf9ad087d2bcbddb73557b5ad7,gpt-6.1-sol
2012-04-30,2012.0000,7.0000,0.4000,3.0000,1.0000,resp_0d5bc20b6b49ac15006ac684e204c887d28149f4eedc9f7796,gpt-6.1-sol
2012-05-31,2012.0000,5.0000,0.9400,0.0000,1.0000,resp_0d4c8b338b7ad053006ac685201ab487d2b3c3aded3fe63756,gpt-6.1-sol
2012-06-29,2012.0000,6.0000,0.8600,0.0000,1.0000,resp_0f8f54c6ecc7c0d8006ac6853c6aa087d29d002ebfb881eb4a,gpt-6.1-sol
2012-07-31,2012.0000,7.0000,0.9200,0.0000,1.0000,resp_0ef3af2258251c04006ac6856c2fb487d292975ba9f5d95398,gpt-6.1-sol
2012-08-31,2013.0000,3.0000,0.7400,7.0000,1.0000,resp_08cda2905fdd3c8a006ac6858a3ec087d2a1e4e47ee3e55881,gpt-6.1-sol
2012-09-28,2012.0000,9.0000,0.9000,0.0000,1.0000,resp_0e0e7423e83ee1cf006ac685bb2de887d299e0a450c10d7d31,gpt-6.1-sol
2012-10-31,2012.0000,10.0000,0.8200,0.0000,1.0000,resp_07d369cb921adb60006ac6860a54b887d2a71fad72069da7ab,gpt-6.1-sol
2012-11-30,2012.0000,11.0000,0.7000,0.0000,1.0000,resp_0f6195f42c78caee006ac68650274087d28d221bea9c226aa1,gpt-6.1-sol
2012-12-31,2012.0000,12.0000,0.8500,0.0000,1.0000,resp_08c2eb7e839825a4006ac6868f725087d2be3109cea5c10c06,gpt-6.1-sol
2013-01-31,2013.0000,1.0000,0.8700,0.0000,1.0000,resp_0be7123bdc66dee9006ac686d9348c87d280f0bca5443363a8,gpt-6.1-sol
2013-02-28,2013.0000,2.0000,0.9300,0.0000,1.0000,resp_048a865ab096c241006ac6870c324087d2b4203bccb431e97e,gpt-6.1-sol
2013-03-28,2013.0000,3.0000,0.9200,0.0000,1.0000,resp_05cfce24db906583006ac68741c35c87d2a411344a6c1b3fa2,gpt-6.1-sol
2013-04-30,2013.0000,4.0000,0.9200,0.0000,1.0000,resp_0b3ddbe2bec64f33006ac6877941d887d2ac09436678c785b1,gpt-6.1-sol
2013-05-31,2013.0000,5.0000,0.8800,0.0000,1.0000,resp_017e5e48c38531aa006ac68799855887d2a4be051c344fb5c0,gpt-6.1-sol
2013-06-28,2013.0000,6.0000,0.9800,0.0000,1.0000,resp_0743e053bbd81c4d006ac687bbe76c87d2adea8baf6e2b0313,gpt-6.1-sol
2013-07-31,2013.0000,7.0000,0.9400,0.0000,1.0000,resp_07a882cf16dd481a006ac687cadd1c87d29f9b05af6a5981c9,gpt-6.1-sol
2013-08-30,2013.0000,8.0000,0.9300,0.0000,1.0000,resp_0cbe645a85e74238006ac687f7df6887d2b50acfab89885ff4,gpt-6.1-sol
2013-09-30,2013.0000,9.0000,0.9400,0.0000,1.0000,resp_00d284666e5bf9aa006ac6881af8f887d2a4a34f54aeb5a6d4,gpt-6.1-sol
2013-10-31,2013.0000,10.0000,0.9400,0.0000,1.0000,resp_02539d4cd11dbce8006ac68830fe9c87d2bf91262a818a940f,gpt-6.1-sol
2013-11-29,2013.0000,11.0000,0.9600,0.0000,1.0000,resp_03528d36dd36b17b006ac6885208b487d289b9a5ca200c009a,gpt-6.1-sol
2013-12-31,2013.0000,12.0000,0.9700,0.0000,1.0000,resp_05b848c41a8e3506006ac6887ff1cc87d2a8eb0eff5fa7bf1b,gpt-6.1-sol
2014-01-31,2014.0000,1.0000,0.9400,0.0000,1.0000,resp_0e7d672a62e87d4d006ac6889113f087d285fda00f4d45f24b,gpt-6.1-sol
2014-02-28,2014.0000,2.0000,0.8900,0.0000,1.0000,resp_08f612be257642c8006ac688ab1a5087d29cad2cd18737ec1e,gpt-6.1-sol
2014-03-31,2014.0000,3.0000,0.9600,0.0000,1.0000,resp_077e9cc3ac7aad3d006ac688cc2d2487d2b5da5d91da737b7f,gpt-6.1-sol
2014-04-30,2014.0000,4.0000,0.9000,0.0000,1.0000,resp_09a7da2abfd528db006ac688e2f21087d28f8d216951fece43,gpt-6.1-sol
2014-05-30,2014.0000,5.0000,0.9600,0.0000,1.0000,resp_0d2d0de33a3de542006ac68906922887d29eead1738e59b449,gpt-6.1-sol
2014-06-30,2014.0000,6.0000,0.9400,0.0000,1.0000,resp_0578825248bdab32006ac689308c1087d292191f1ee0d69ccf,gpt-6.1-sol
2014-07-31,2014.0000,7.0000,0.8800,0.0000,1.0000,resp_0530ee83071d3c52006ac68950070887d2ba1180f39e8ee07d,gpt-6.1-sol
2014-08-29,2014.0000,8.0000,0.8700,0.0000,1.0000,resp_0097bf3f9d8aa304006ac6896ff66487d2a40bcaa608a9f80a,gpt-6.1-sol
2014-09-30,2014.0000,9.0000,0.9500,0.0000,1.0000,resp_0a4445837eee17c4006ac6899123d087d284e0190cb22c7bcf,gpt-6.1-sol
2014-10-31,2014.0000,10.0000,0.7200,0.0000,1.0000,resp_0a377bb44a637a63006ac6899e5a0c87d2a6af4f4d386270b2,gpt-6.1-sol
2014-11-28,2014.0000,11.0000,0.8600,0.0000,1.0000,resp_00b3955831e5be54006ac689d5c64087d2865d512e68a550d7,gpt-6.1-sol
2014-12-31,2014.0000,12.0000,0.9700,0.0000,1.0000,resp_0189a172898989e2006ac689fe785c87d2ac43872322430e5e,gpt-6.1-sol
2015-01-30,2015.0000,1.0000,0.9800,0.0000,1.0000,resp_08f27ec21ce22290006ac68a1cd58c87d2adf004b33998c80b,gpt-6.1-sol
2015-02-27,2015.0000,2.0000,0.9600,0.0000,1.0000,resp_0f04c82ccb6dcb2b006ac68a2c175c87d2a0a04ac657d7a81d,gpt-6.1-sol
2015-03-31,2015.0000,3.0000,0.9500,0.0000,1.0000,resp_0ee5bfa9f893dbde006ac68a3b59e487d2b21911a6523eb45f,gpt-6.1-sol
2015-04-30,2015.0000,4.0000,0.9500,0.0000,1.0000,resp_07977cb6307bb905006ac68a5676c487d2bb675adeeab70788,gpt-6.1-sol
2015-05-29,2015.0000,6.0000,0.8600,1.0000,1.0000,resp_0aab50bd9ec1288c006ac68a70300c87d287a4df2800cadcd3,gpt-6.1-sol
2015-06-30,2015.0000,6.0000,0.9500,0.0000,1.0000,resp_0e06b90fab2b3ebd006ac68a9d3e0487d29d46ca6f372c1a3b,gpt-6.1-sol
2015-07-31,2015.0000,7.0000,0.9400,0.0000,1.0000,resp_0ead66fa75c45eeb006ac68ac6954887d2bea6f1bb34a0f539,gpt-6.1-sol
2015-08-31,2015.0000,8.0000,0.9200,0.0000,1.0000,resp_0e920b271624c277006ac68ae7512087d2ab7ebe1355d5d70a,gpt-6.1-sol
2015-09-30,2015.0000,9.0000,0.8700,0.0000,1.0000,resp_08e6bbe961d2c626006ac68b067fe087d2a3e8c3cc37e9e898,gpt-6.1-sol
2015-10-30,2015.0000,10.0000,0.9200,0.0000,1.0000,resp_0ffef71a486ce72e006ac68b31483487d2a5ece0a8bd66b44c,gpt-6.1-sol
2015-11-30,2015.0000,11.0000,0.9100,0.0000,1.0000,resp_00bdd89430813816006ac68b58507487d29b9594a4ebb715ab,gpt-6.1-sol
2015-12-31,2015.0000,12.0000,0.9500,0.0000,1.0000,resp_02f0d7f9419523ad006ac68b82b4c887d2b19d7395c1eeaf9f,gpt-6.1-sol
2016-01-29,2016.0000,1.0000,0.9600,0.0000,1.0000,resp_0729766cc3cc18bb006ac68ba16b3c87d2b12ee5b4a0c90d20,gpt-6.1-sol
2016-02-29,2016.0000,2.0000,0.9500,0.0000,1.0000,resp_090c87bba037034c006ac68bb7288887d2aeaf18f484266134,gpt-6.1-sol
2016-03-31,2016.0000,3.0000,0.9800,0.0000,1.0000,resp_02e9600390dba56a006ac68bd4f3f087d28fd0cbf696c56b70,gpt-6.1-sol
2016-04-29,2016.0000,4.0000,0.9700,0.0000,1.0000,resp_0f9515ca9a268ee9006ac68bfa59b887d2a8dd1d1dda8b1a7b,gpt-6.1-sol
2016-05-31,2016.0000,5.0000,0.9600,0.0000,1.0000,resp_00a902d83e00c51b006ac68c18014087d2b093e185edae87ec,gpt-6.1-sol
2016-06-30,2016.0000,6.0000,0.9700,0.0000,1.0000,resp_037e94dd2c3e21cc006ac68c43e0b887d2aae03735db0c8c20,gpt-6.1-sol
2016-07-29,2016.0000,7.0000,0.9300,0.0000,1.0000,resp_057708bd4d46654b006ac68c5da2f887d2a18b9d6a1ca709d6,gpt-6.1-sol
2016-08-31,2016.0000,8.0000,0.8600,0.0000,1.0000,resp_0cf7e1221a17c73a006ac68c8abc5887d2b9b00382cb81b0ba,gpt-6.1-sol
2016-09-30,2016.0000,9.0000,0.7600,0.0000,1.0000,resp_0f32948c0c3e170c006ac68cb1afa487d29b9bfcb58ed800e4,gpt-6.1-sol
2016-10-31,2016.0000,10.0000,0.8700,0.0000,1.0000,resp_0ae114494da3f394006ac68ce630e487d29aa687d5023271c7,gpt-6.1-sol
2016-11-30,2016.0000,11.0000,0.9400,0.0000,1.0000,resp_0a737bf8390fd345006ac68d1e92b087d2a3b82a45e00f994a,gpt-6.1-sol
2016-12-30,2016.0000,12.0000,0.9700,0.0000,1.0000,resp_027ffe671639730c006ac68d50966487d2b5c5b59b7b44101e,gpt-6.1-sol
2017-01-31,2017.0000,3.0000,0.6600,2.0000,1.0000,resp_0ba646a32c54b1b3006ac68d6b4a8087d2ae06df5fb349115d,gpt-6.1-sol
2017-02-28,2017.0000,2.0000,0.8200,0.0000,1.0000,resp_00a6de13a3976ccf006ac68d9e717487d2875ad345197bbd50,gpt-6.1-sol
2017-03-31,2017.0000,3.0000,0.9400,0.0000,1.0000,resp_09e51d83c4fe718a006ac68dd0fd9487d2b344b82b1d018df4,gpt-6.1-sol
2017-04-28,2017.0000,4.0000,0.8400,0.0000,1.0000,resp_05c9952f8b02ae7c006ac68df799e087d2829c0b553db83994,gpt-6.1-sol
2017-05-31,2017.0000,5.0000,0.9400,0.0000,1.0000,resp_09e5b73d23cc8e88006ac68e2763c087d2ad23c9ef378a9793,gpt-6.1-sol
2017-06-30,2017.0000,6.0000,0.9700,0.0000,1.0000,resp_0410bc74977f7d0e006ac68e464ff887d2929315b5a44a3a87,gpt-6.1-sol
2017-07-31,2017.0000,7.0000,0.9600,0.0000,1.0000,resp_00ee25e7f7366491006ac68e567df887d29c2933659f7d86ff,gpt-6.1-sol
2017-08-31,2017.0000,8.0000,0.9700,0.0000,1.0000,resp_0dc00eb2aa362652006ac68e68acbc87d2b05bc0802a5e1b9c,gpt-6.1-sol
2017-09-29,2017.0000,9.0000,0.9700,0.0000,1.0000,resp_05df94c338d9ef7e006ac68e7eb7e087d285abcc31f10d595e,gpt-6.1-sol
2017-10-31,2017.0000,10.0000,0.9100,0.0000,1.0000,resp_03559e2f4cc54a3e006ac68e97e44487d285de4dab5fc55a97,gpt-6.1-sol
2017-11-30,2017.0000,11.0000,0.9100,0.0000,1.0000,resp_0452487206a40d2a006ac68ea978ac87d29d448a625b5379de,gpt-6.1-sol
2017-12-29,2017.0000,12.0000,0.9400,0.0000,1.0000,resp_05b114c5e1845702006ac68ec8448087d29914fd0412801ed8,gpt-6.1-sol
2018-01-31,2018.0000,1.0000,0.9700,0.0000,1.0000,resp_08f45f8a72df4c7f006ac68ee67c0487d2a9638d3bc932e28d,gpt-6.1-sol
2018-02-28,2018.0000,2.0000,0.9400,0.0000,1.0000,resp_0a79296a8d6019ce006ac68ef1dfcc87d2bb27be2253557ec9,gpt-6.1-sol
2018-03-29,2018.0000,3.0000,0.9600,0.0000,1.0000,resp_0f74c40f649782a3006ac68f0e1e0087d288c8208a349a5110,gpt-6.1-sol
2018-04-30,2018.0000,4.0000,0.9400,0.0000,1.0000,resp_07220b11fc1a8d1c006ac68f23575087d2bb660f337f4fa5f1,gpt-6.1-sol
2018-05-31,2018.0000,5.0000,0.9700,0.0000,1.0000,resp_0347ccf31e02ca60006ac68f36e1a087d28cec0ee2ac192123,gpt-6.1-sol
2018-06-29,2018.0000,6.0000,0.9600,0.0000,1.0000,resp_0bb3e411a4c4fd10006ac68f4d9ed887d2a0228a3983ae2e1a,gpt-6.1-sol
2018-07-31,2018.0000,7.0000,0.9300,0.0000,1.0000,resp_0c25aabdc3bb7e67006ac68f5c47bc87d29fb36fb2c807925b,gpt-6.1-sol
2018-08-31,2018.0000,8.0000,0.9400,0.0000,1.0000,resp_0d80795ac2ac9e79006ac68f6d765087d2ada7d4decf4bd1e8,gpt-6.1-sol
2018-09-28,2018.0000,9.0000,0.9400,0.0000,1.0000,resp_0464f586f1f6be04006ac68f89a0c487d2919eb87c45c8c949,gpt-6.1-sol
2018-10-31,2018.0000,10.0000,0.9800,0.0000,1.0000,resp_017c6a96707439a0006ac68f9b65a087d283e538952e793fb4,gpt-6.1-sol
2018-11-30,2018.0000,11.0000,0.9700,0.0000,1.0000,resp_0a4b8873eb6cdb38006ac68fb0891c87d2beaa9bc42a355c7a,gpt-6.1-sol
2018-12-31,2018.0000,12.0000,0.9600,0.0000,1.0000,resp_0b8a1838b5a4736e006ac68fc8300c87d2bd8acc6364594347,gpt-6.1-sol
2019-01-31,2019.0000,1.0000,0.9700,0.0000,1.0000,resp_0b927d845ba05124006ac68fe33df887d2bbacbcaa9d3450d0,gpt-6.1-sol
2019-02-28,2019.0000,2.0000,0.8600,0.0000,1.0000,resp_0f0552f7efc35e78006ac68ff9005c87d2bfc08b423aeca6cc,gpt-6.1-sol
2019-03-29,2019.0000,3.0000,0.9800,0.0000,1.0000,resp_0095c8e07c65978b006ac6902f86dc87d2b2a91660bab924bf,gpt-6.1-sol
2019-04-30,2019.0000,4.0000,0.9300,0.0000,1.0000,resp_04e15c7d8709c917006ac690485b9487d2ab0b6973b1dfbb49,gpt-6.1-sol
2019-05-31,2019.0000,5.0000,0.9500,0.0000,1.0000,resp_04ad98746a9111a4006ac6907b79ac87d2bbd15ff000c75d61,gpt-6.1-sol
2019-06-28,2007.0000,9.0000,0.7800,-141.0000,1.0000,resp_06cb66a93f3050ba006ac6909a8afc87d283596bc0e440553d,gpt-6.1-sol
2019-07-31,2019.0000,7.0000,0.9600,0.0000,1.0000,resp_07e53ec0c3747449006ac690d038b487d2aaa44b2217f45ce5,gpt-6.1-sol
2019-08-30,2019.0000,8.0000,0.9700,0.0000,1.0000,resp_040083f9658ea14b006ac690f5962c87d295c87ca9ba2a6324,gpt-6.1-sol
2019-09-30,2019.0000,9.0000,0.9500,0.0000,1.0000,resp_042097e41c73be50006ac69103155487d2bf0a2ea8c9c9ba10,gpt-6.1-sol
2019-10-31,2019.0000,10.0000,0.9500,0.0000,1.0000,resp_06c3e8c712b044ba006ac691149ec487d2b0f3cd47b607ec37,gpt-6.1-sol
2019-11-29,2019.0000,11.0000,0.9500,0.0000,1.0000,resp_011540a93e583708006ac69131d97c87d2bde7eedf88e0ba15,gpt-6.1-sol
2019-12-31,2019.0000,12.0000,0.9700,0.0000,1.0000,resp_0a895ed9b517cc1b006ac69146faf887d285fa0b6619b111e6,gpt-6.1-sol
2020-01-31,2020.0000,1.0000,0.9400,0.0000,1.0000,resp_082421f04ee1ebb8006ac691567ef087d297fe97684fece566,gpt-6.1-sol
2020-02-28,2020.0000,2.0000,0.9700,0.0000,1.0000,resp_04ac10a7bc61d5b9006ac69180976c87d28c7f17f256cb1496,gpt-6.1-sol
2020-03-31,2020.0000,3.0000,0.9900,0.0000,1.0000,resp_0242c3c24eb89973006ac69193ecf887d2916e173199c40212,gpt-6.1-sol
2020-04-30,2020.0000,4.0000,0.9900,0.0000,1.0000,resp_0fb4690eb6c052af006ac691a110b087d28929be6793749c80,gpt-6.1-sol
2020-05-29,2020.0000,5.0000,0.9900,0.0000,1.0000,resp_0a9664cfaae8d126006ac691ac0a6887d2935894a8cd3e2ff1,gpt-6.1-sol
2020-06-30,2020.0000,6.0000,0.9900,0.0000,1.0000,resp_05c5661c6944551b006ac691bda24c87d2a3d40ebd2110b4e7,gpt-6.1-sol
2020-07-31,2020.0000,7.0000,0.9900,0.0000,1.0000,resp_0e8d034fd7e6e69b006ac691cc6eb487d29bef149e117561e3,gpt-6.1-sol
2020-08-31,2020.0000,8.0000,0.9900,0.0000,1.0000,resp_0510239e85f1691b006ac691e1966c87d29ba90ab9bd6644d5,gpt-6.1-sol
2020-09-30,2020.0000,9.0000,0.9800,0.0000,1.0000,resp_030cfc650f001fd1006ac691f0998087d2af2e6c3f79662038,gpt-6.1-sol
2020-10-30,2020.0000,10.0000,0.9800,0.0000,1.0000,resp_0e1aae0654ddcc99006ac691ff881487d2ac0e1ab3857dbb0b,gpt-6.1-sol
2020-11-30,2020.0000,11.0000,0.9900,0.0000,1.0000,resp_0b746c26dcf40e1d006ac69218786887d2b824a14a2e126afa,gpt-6.1-sol
2020-12-31,2020.0000,12.0000,0.9700,0.0000,1.0000,resp_0bbb166621a53735006ac69225f33087d2b74f9bfa85267489,gpt-6.1-sol
2021-01-29,2021.0000,1.0000,0.9600,0.0000,1.0000,resp_0b053efab23112d3006ac6924aa05487d2a2165ba703787f02,gpt-6.1-sol
2021-02-26,2021.0000,2.0000,0.9700,0.0000,1.0000,resp_0c8e90a923244fdf006ac69270087487d2990007f1854d73f6,gpt-6.1-sol
2021-03-31,2021.0000,3.0000,0.9700,0.0000,1.0000,resp_0cb2f844b91617a4006ac692963b2887d28ec41809cf1162db,gpt-6.1-sol
2021-04-30,2021.0000,4.0000,0.9800,0.0000,1.0000,resp_08df13ad9373fe1f006ac692b00ad487d284ac476506e21f98,gpt-6.1-sol
2021-05-28,2021.0000,5.0000,0.9700,0.0000,1.0000,resp_09a35ffe24d01186006ac692cec9fc87d2ab2eba851505c666,gpt-6.1-sol
2021-06-30,2021.0000,6.0000,0.9700,0.0000,1.0000,resp_027f4d0a30bae90e006ac692dd084087d2a9ce3acefa20e927,gpt-6.1-sol
2021-07-30,2021.0000,7.0000,0.9900,0.0000,1.0000,resp_072f40e5d5713b10006ac692ee720487d2adf80758e482a525,gpt-6.1-sol
2021-08-31,2021.0000,8.0000,0.9500,0.0000,1.0000,resp_0eec63e57c7fa4f2006ac6930782d487d2818c280997293150,gpt-6.1-sol
2021-09-30,2021.0000,9.0000,0.9700,0.0000,1.0000,resp_06d73dc9f802a389006ac6932716a487d284dc1bc8e519da31,gpt-6.1-sol
2021-10-29,2021.0000,10.0000,0.9400,0.0000,1.0000,resp_027daa7c6dbf279b006ac6934fe78487d298b5bce30d88a87a,gpt-6.1-sol
2021-11-30,2021.0000,11.0000,0.9500,0.0000,1.0000,resp_04df104fb27ed747006ac69361bc7c87d29a7df17a5c7a6b94,gpt-6.1-sol
2021-12-31,2021.0000,12.0000,0.9700,0.0000,1.0000,resp_03ba1ad6389bd9e2006ac6937c593487d28f109f9c597eb948,gpt-6.1-sol
2022-01-31,2022.0000,1.0000,0.9700,0.0000,1.0000,resp_09cb80491346908b006ac69395118c87d2a9271a0c0528db92,gpt-6.1-sol
2022-02-28,2022.0000,2.0000,0.9500,0.0000,1.0000,resp_01ae3416f1030162006ac693ab4bcc87d2930ebe56f2cefe17,gpt-6.1-sol
2022-03-31,2022.0000,3.0000,0.9800,0.0000,1.0000,resp_0cebbac607c6eb42006ac693cc46e087d28bfe03eb50cf4a62,gpt-6.1-sol
2022-04-29,2022.0000,4.0000,0.9700,0.0000,1.0000,resp_0b7f60a3347e683b006ac693dd6ccc87d2b1eed3c9ced5ce80,gpt-6.1-sol
2022-05-31,2022.0000,5.0000,0.9800,0.0000,1.0000,resp_05f93c8cfc2dff0d006ac693ecb84c87d2a97d1d9cb2df0560,gpt-6.1-sol
2022-06-30,2022.0000,6.0000,0.9700,0.0000,1.0000,resp_00d8db436e33d7d7006ac693fe49dc87d29b5f2e08d46965cd,gpt-6.1-sol
2022-07-29,2022.0000,7.0000,0.9700,0.0000,1.0000,resp_028d997d7d8cb2d4006ac6940b9a7487d29438d60b6d9ec7af,gpt-6.1-sol
2022-08-31,2022.0000,8.0000,0.9800,0.0000,1.0000,resp_0837c2e182f409f9006ac69414995087d28fb8a7d476938251,gpt-6.1-sol
2022-09-30,2022.0000,9.0000,0.9800,0.0000,1.0000,resp_0d4979755782a9bd006ac69429773887d2927b79362aab68c5,gpt-6.1-sol
2022-10-31,2022.0000,10.0000,0.9800,0.0000,1.0000,resp_09393940342237df006ac694371f2c87d281e1eefcaf8a2303,gpt-6.1-sol
2022-11-30,2022.0000,11.0000,0.9900,0.0000,1.0000,resp_034d3a2f0f6061d7006ac694432d3487d2beede59aeb2058d1,gpt-6.1-sol
2022-12-30,2022.0000,12.0000,0.9600,0.0000,1.0000,resp_0617bec76edd1ed2006ac69454fb8087d288f7eeb1f6bf0d97,gpt-6.1-sol
2023-01-31,2023.0000,1.0000,0.9700,0.0000,1.0000,resp_0315b7186e0d631e006ac69466cda887d2993e5a8367a30cf2,gpt-6.1-sol
2023-02-28,2023.0000,2.0000,0.9600,0.0000,1.0000,resp_013ccca5dcdd6dac006ac694799f4c87d2915481bd1cc55242,gpt-6.1-sol
2023-03-31,2023.0000,3.0000,0.9700,0.0000,1.0000,resp_00e9c1805ddd5eed006ac69488c23487d294dc9da8bef6c007,gpt-6.1-sol
2023-04-28,2023.0000,4.0000,0.9600,0.0000,1.0000,resp_0de96a7986a94f1a006ac6949912d887d293c1824a0e616649,gpt-6.1-sol
2023-05-31,2023.0000,5.0000,0.9600,0.0000,1.0000,resp_00657042b003d7cc006ac694b6860887d2b156bd3f27faf120,gpt-6.1-sol
2023-06-30,2023.0000,6.0000,0.9100,0.0000,1.0000,resp_02498130aaf5488e006ac694d0cd6487d295e4f26c4c32899c,gpt-6.1-sol
2023-07-31,2023.0000,7.0000,0.9700,0.0000,1.0000,resp_0edc6b09342b195a006ac694ebe84487d2b878970a8573afd7,gpt-6.1-sol
2023-08-31,2023.0000,8.0000,0.9000,0.0000,1.0000,resp_023654f5ce6a63cc006ac694fc0d8c87d2aaa5826c7c2b339a,gpt-6.1-sol
2023-09-29,2023.0000,9.0000,0.8800,0.0000,1.0000,resp_0c3c2c6a4147c1bc006ac6952059dc87d2b719066625835c0c,gpt-6.1-sol
2023-10-31,2023.0000,10.0000,0.9400,0.0000,1.0000,resp_0b5f80c275a18af8006ac695571d3887d2a589f4201142ce4c,gpt-6.1-sol
2023-11-30,2023.0000,11.0000,0.9500,0.0000,1.0000,resp_07cb2b43052a57d4006ac69574da9887d298243a96efc23b70,gpt-6.1-sol
2023-12-29,2023.0000,12.0000,0.9600,0.0000,1.0000,resp_0a0682eb6f3f9068006ac6958e7e1087d28adcf3a19509e711,gpt-6.1-sol
2024-01-31,2024.0000,1.0000,0.8700,0.0000,1.0000,resp_0f75e0db414f6700006ac695a6872087d2b7c0601c200e9284,gpt-6.1-sol
2024-02-29,2024.0000,2.0000,0.8800,0.0000,1.0000,resp_019126347fc0aae5006ac695d84dec87d2bc2773cbfa369874,gpt-6.1-sol
2024-03-28,2024.0000,3.0000,0.9600,0.0000,1.0000,resp_0582f21d2f0c0382006ac6960e5eb887d2ad0e3c9ccb0a7af2,gpt-6.1-sol
2024-04-30,2024.0000,10.0000,0.9400,6.0000,1.0000,resp_004e1f2ab3cfac4f006ac69631e9fc87d293499b997b78ad59,gpt-6.1-sol
2024-05-31,2024.0000,5.0000,0.8800,0.0000,1.0000,resp_0c5fe4dd2629766e006ac6964a37a087d2bd6261ff404bf0cc,gpt-6.1-sol
2024-06-28,2024.0000,6.0000,0.8800,0.0000,1.0000,resp_0eebf5dcd24d906a006ac69685827c87d2a205521bc4773a54,gpt-6.1-sol
2024-07-31,2024.0000,8.0000,0.9000,1.0000,1.0000,resp_0a5ec59608d1342a006ac696acd5a087d28b82d2d58280f226,gpt-6.1-sol
2024-08-30,2024.0000,9.0000,0.9600,1.0000,1.0000,resp_09a61352ab51d4d0006ac696caf88087d2ab5609d4f2ccfd08,gpt-6.1-sol
2024-09-30,2024.0000,9.0000,0.9700,0.0000,1.0000,resp_08c53e124f40b39c006ac696e48ac087d2b97d858671136157,gpt-6.1-sol
2024-10-31,2024.0000,10.0000,0.9700,0.0000,1.0000,resp_045bbb7b12ef0b0f006ac696f948fc87d2832a57cc8588a641,gpt-6.1-sol
2024-11-29,2024.0000,11.0000,0.9700,0.0000,1.0000,resp_0c03015e804b32ec006ac6970f6c0087d2b3fd407070f2fb70,gpt-6.1-sol
2024-12-31,2024.0000,12.0000,0.9800,0.0000,1.0000,resp_02b395d1ce7d6437006ac697215e4087d284133bbfd4857ace,gpt-6.1-sol
2025-01-31,2025.0000,1.0000,0.9400,0.0000,1.0000,resp_0e37045de8e5956b006ac6972f7fb087d2a03b76e7ca7e8044,gpt-6.1-sol
2025-02-28,2025.0000,2.0000,0.9600,0.0000,1.0000,resp_033e549fe51f654c006ac6974571d487d2a29da96abe4dd1f3,gpt-6.1-sol
2025-03-31,2025.0000,3.0000,0.9700,0.0000,1.0000,resp_0fa895c21e694bb1006ac6976e24c487d2afd7e92a36601143,gpt-6.1-sol
2025-04-30,2025.0000,4.0000,0.9700,0.0000,1.0000,resp_0acd7195386732e3006ac69783953487d2a2d2fc1d92b8e6d3,gpt-6.1-sol
2025-05-30,2025.0000,5.0000,0.9700,0.0000,1.0000,resp_026dde70ccd76a0a006ac69793773c87d293c6d4561ac95bc3,gpt-6.1-sol
2025-06-30,2025.0000,6.0000,0.9600,0.0000,1.0000,resp_0cd8439512b6381a006ac697b1bc4487d2a9067297c49e8185,gpt-6.1-sol
2025-07-31,2025.0000,7.0000,0.9500,0.0000,1.0000,resp_088e5cc545f61572006ac697c9eeac87d2954e2c596bffbb40,gpt-6.1-sol
2025-08-29,2025.0000,8.0000,0.9100,0.0000,1.0000,resp_0e553b691b75b1d1006ac697ec31d487d298478546e6a526e8,gpt-6.1-sol
2025-09-30,2025.0000,9.0000,0.9600,0.0000,1.0000,resp_04fa14a737906354006ac6980ee0b887d28f68e16a41246090,gpt-6.1-sol
2025-10-31,2025.0000,10.0000,0.8800,0.0000,1.0000,resp_075daf5210eb140d006ac6982299f487d2977e7834d2268263,gpt-6.1-sol
2025-11-28,2025.0000,11.0000,0.9600,0.0000,1.0000,resp_037a079650804ca7006ac69843f4f487d29f5116b51f41a514,gpt-6.1-sol
2025-12-31,2025.0000,12.0000,0.9400,0.0000,1.0000,resp_0760751b3ff8ff3a006ac6985f09e087d28fbb13cc8a2290e9,gpt-6.1-sol
2026-01-30,2026.0000,1.0000,0.8800,0.0000,1.0000,resp_0f7c8a35efef509f006ac69884174887d28bae1bdee113de52,gpt-6.1-sol
2026-02-27,2026.0000,3.0000,0.5000,1.0000,1.0000,resp_03f0394edad9a177006ac698a2d66487d28398d6f4c68fab4c,gpt-6.1-sol
2026-03-31,2013.0000,6.0000,0.3500,-153.0000,1.0000,resp_025d2d9c3d3e7acd006ac698e7052487d29b8251dd53b84ede,gpt-6.1-sol
2026-04-30,2020.0000,11.0000,0.5500,-65.0000,1.0000,resp_094d5f19dea7170f006ac6992c4c1487d2940eabf6d9166eff,gpt-6.1-sol
2026-05-29,2021.0000,4.0000,0.7600,-61.0000,1.0000,resp_0d70af8197311ee8006ac6997a53e487d2b956ed05ab5427a9,gpt-6.1-sol
