date,forecaster,n_labelled,kappa
2007-12-31,llm_sonnet_blinded,5,
2007-12-31,llm_sonnet_raw,5,
2007-12-31,llm_sonnet_dated,5,
2007-12-31,ml_logit,5,
2007-12-31,ml_gbt,5,
2007-12-31,ml_logit_blinded,5,
2007-12-31,ml_gbt_blinded,5,
2007-12-31,climatology,5,
2007-12-31,uniform,5,
2007-12-31,oracle,5,
2008-01-31,llm_sonnet_blinded,6,
2008-01-31,llm_sonnet_raw,6,
2008-01-31,llm_sonnet_dated,6,
2008-01-31,ml_logit,6,
2008-01-31,ml_gbt,6,
2008-01-31,ml_logit_blinded,6,
2008-01-31,ml_gbt_blinded,6,
2008-01-31,climatology,6,
2008-01-31,uniform,6,
2008-01-31,oracle,6,
2008-02-29,llm_sonnet_blinded,7,
2008-02-29,llm_sonnet_raw,7,
2008-02-29,llm_sonnet_dated,7,
2008-02-29,ml_logit,7,
2008-02-29,ml_gbt,7,
2008-02-29,ml_logit_blinded,7,
2008-02-29,ml_gbt_blinded,7,
2008-02-29,climatology,7,
2008-02-29,uniform,7,
2008-02-29,oracle,7,
2008-03-31,llm_sonnet_blinded,8,
2008-03-31,llm_sonnet_raw,8,
2008-03-31,llm_sonnet_dated,8,
2008-03-31,ml_logit,8,
2008-03-31,ml_gbt,8,
2008-03-31,ml_logit_blinded,8,
2008-03-31,ml_gbt_blinded,8,
2008-03-31,climatology,8,
2008-03-31,uniform,8,
2008-03-31,oracle,8,
2008-04-30,llm_sonnet_blinded,9,
2008-04-30,llm_sonnet_raw,9,
2008-04-30,llm_sonnet_dated,9,
2008-04-30,ml_logit,9,
2008-04-30,ml_gbt,9,
2008-04-30,ml_logit_blinded,9,
2008-04-30,ml_gbt_blinded,9,
2008-04-30,climatology,9,
2008-04-30,uniform,9,
2008-04-30,oracle,9,
2008-05-30,llm_sonnet_blinded,10,
2008-05-30,llm_sonnet_raw,10,
2008-05-30,llm_sonnet_dated,10,
2008-05-30,ml_logit,10,
2008-05-30,ml_gbt,10,
2008-05-30,ml_logit_blinded,10,
2008-05-30,ml_gbt_blinded,10,
2008-05-30,climatology,10,
2008-05-30,uniform,10,
2008-05-30,oracle,10,
2008-06-30,llm_sonnet_blinded,11,
2008-06-30,llm_sonnet_raw,11,
2008-06-30,llm_sonnet_dated,11,
2008-06-30,ml_logit,11,
2008-06-30,ml_gbt,11,
2008-06-30,ml_logit_blinded,11,
2008-06-30,ml_gbt_blinded,11,
2008-06-30,climatology,11,
2008-06-30,uniform,11,
2008-06-30,oracle,11,
2008-07-31,llm_sonnet_blinded,12,
2008-07-31,llm_sonnet_raw,12,
2008-07-31,llm_sonnet_dated,12,
2008-07-31,ml_logit,12,
2008-07-31,ml_gbt,12,
2008-07-31,ml_logit_blinded,12,
2008-07-31,ml_gbt_blinded,12,
2008-07-31,climatology,12,
2008-07-31,uniform,12,
2008-07-31,oracle,12,
2008-08-29,llm_sonnet_blinded,13,
2008-08-29,llm_sonnet_raw,13,
2008-08-29,llm_sonnet_dated,13,
2008-08-29,ml_logit,13,
2008-08-29,ml_gbt,13,
2008-08-29,ml_logit_blinded,13,
2008-08-29,ml_gbt_blinded,13,
2008-08-29,climatology,13,
2008-08-29,uniform,13,
2008-08-29,oracle,13,
2008-09-30,llm_sonnet_blinded,14,
2008-09-30,llm_sonnet_raw,14,
2008-09-30,llm_sonnet_dated,14,
2008-09-30,ml_logit,14,
2008-09-30,ml_gbt,14,
2008-09-30,ml_logit_blinded,14,
2008-09-30,ml_gbt_blinded,14,
2008-09-30,climatology,14,
2008-09-30,uniform,14,
2008-09-30,oracle,14,
2008-10-31,llm_sonnet_blinded,15,
2008-10-31,llm_sonnet_raw,15,
2008-10-31,llm_sonnet_dated,15,
2008-10-31,ml_logit,15,
2008-10-31,ml_gbt,15,
2008-10-31,ml_logit_blinded,15,
2008-10-31,ml_gbt_blinded,15,
2008-10-31,climatology,15,
2008-10-31,uniform,15,
2008-10-31,oracle,15,
2008-11-28,llm_sonnet_blinded,16,
2008-11-28,llm_sonnet_raw,16,
2008-11-28,llm_sonnet_dated,16,
2008-11-28,ml_logit,16,
2008-11-28,ml_gbt,16,
2008-11-28,ml_logit_blinded,16,
2008-11-28,ml_gbt_blinded,16,
2008-11-28,climatology,16,
2008-11-28,uniform,16,
2008-11-28,oracle,16,
2008-12-31,llm_sonnet_blinded,17,
2008-12-31,llm_sonnet_raw,17,
2008-12-31,llm_sonnet_dated,17,
2008-12-31,ml_logit,17,
2008-12-31,ml_gbt,17,
2008-12-31,ml_logit_blinded,17,
2008-12-31,ml_gbt_blinded,17,
2008-12-31,climatology,17,
2008-12-31,uniform,17,
2008-12-31,oracle,17,
2009-01-30,llm_sonnet_blinded,18,
2009-01-30,llm_sonnet_raw,18,
2009-01-30,llm_sonnet_dated,18,
2009-01-30,ml_logit,18,
2009-01-30,ml_gbt,18,
2009-01-30,ml_logit_blinded,18,
2009-01-30,ml_gbt_blinded,18,
2009-01-30,climatology,18,
2009-01-30,uniform,18,
2009-01-30,oracle,18,
2009-02-27,llm_sonnet_blinded,19,
2009-02-27,llm_sonnet_raw,19,
2009-02-27,llm_sonnet_dated,19,
2009-02-27,ml_logit,19,
2009-02-27,ml_gbt,19,
2009-02-27,ml_logit_blinded,19,
2009-02-27,ml_gbt_blinded,19,
2009-02-27,climatology,19,
2009-02-27,uniform,19,
2009-02-27,oracle,19,
2009-03-31,llm_sonnet_blinded,20,
2009-03-31,llm_sonnet_raw,20,
2009-03-31,llm_sonnet_dated,20,
2009-03-31,ml_logit,20,
2009-03-31,ml_gbt,20,
2009-03-31,ml_logit_blinded,20,
2009-03-31,ml_gbt_blinded,20,
2009-03-31,climatology,20,
2009-03-31,uniform,20,
2009-03-31,oracle,20,
2009-04-30,llm_sonnet_blinded,21,
2009-04-30,llm_sonnet_raw,21,
2009-04-30,llm_sonnet_dated,21,
2009-04-30,ml_logit,21,
2009-04-30,ml_gbt,21,
2009-04-30,ml_logit_blinded,21,
2009-04-30,ml_gbt_blinded,21,
2009-04-30,climatology,21,
2009-04-30,uniform,21,
2009-04-30,oracle,21,
2009-05-29,llm_sonnet_blinded,22,
2009-05-29,llm_sonnet_raw,22,
2009-05-29,llm_sonnet_dated,22,
2009-05-29,ml_logit,22,
2009-05-29,ml_gbt,22,
2009-05-29,ml_logit_blinded,22,
2009-05-29,ml_gbt_blinded,22,
2009-05-29,climatology,22,
2009-05-29,uniform,22,
2009-05-29,oracle,22,
2009-06-30,llm_sonnet_blinded,23,
2009-06-30,llm_sonnet_raw,23,
2009-06-30,llm_sonnet_dated,23,
2009-06-30,ml_logit,23,
2009-06-30,ml_gbt,23,
2009-06-30,ml_logit_blinded,23,
2009-06-30,ml_gbt_blinded,23,
2009-06-30,climatology,23,
2009-06-30,uniform,23,
2009-06-30,oracle,23,
2009-07-31,llm_sonnet_blinded,24,0.0645
2009-07-31,llm_sonnet_raw,24,0.1233
2009-07-31,llm_sonnet_dated,24,0.1869
2009-07-31,ml_logit,24,0.2822
2009-07-31,ml_gbt,24,0.6082
2009-07-31,ml_logit_blinded,24,0.4341
2009-07-31,ml_gbt_blinded,24,0.1819
2009-07-31,climatology,24,0.0500
2009-07-31,uniform,24,0.0500
2009-07-31,oracle,24,1.0000
2009-08-31,llm_sonnet_blinded,25,0.1945
2009-08-31,llm_sonnet_raw,25,0.1600
2009-08-31,llm_sonnet_dated,25,0.1774
2009-08-31,ml_logit,25,0.2293
2009-08-31,ml_gbt,25,0.8427
2009-08-31,ml_logit_blinded,25,0.3591
2009-08-31,ml_gbt_blinded,25,0.1268
2009-08-31,climatology,25,0.0500
2009-08-31,uniform,25,0.0500
2009-08-31,oracle,25,1.0000
2009-09-30,llm_sonnet_blinded,26,0.1601
2009-09-30,llm_sonnet_raw,26,0.2427
2009-09-30,llm_sonnet_dated,26,0.1895
2009-09-30,ml_logit,26,0.4706
2009-09-30,ml_gbt,26,0.5197
2009-09-30,ml_logit_blinded,26,0.7222
2009-09-30,ml_gbt_blinded,26,0.0500
2009-09-30,climatology,26,0.0500
2009-09-30,uniform,26,0.0500
2009-09-30,oracle,26,1.0000
2009-10-30,llm_sonnet_blinded,27,0.2025
2009-10-30,llm_sonnet_raw,27,0.1963
2009-10-30,llm_sonnet_dated,27,0.1170
2009-10-30,ml_logit,27,0.2343
2009-10-30,ml_gbt,27,0.4509
2009-10-30,ml_logit_blinded,27,0.6881
2009-10-30,ml_gbt_blinded,27,0.1465
2009-10-30,climatology,27,0.0500
2009-10-30,uniform,27,0.0500
2009-10-30,oracle,27,1.0000
2009-11-30,llm_sonnet_blinded,28,0.1066
2009-11-30,llm_sonnet_raw,28,0.1774
2009-11-30,llm_sonnet_dated,28,0.1303
2009-11-30,ml_logit,28,0.8289
2009-11-30,ml_gbt,28,0.3793
2009-11-30,ml_logit_blinded,28,0.9275
2009-11-30,ml_gbt_blinded,28,0.1658
2009-11-30,climatology,28,0.0500
2009-11-30,uniform,28,0.0500
2009-11-30,oracle,28,1.0000
2009-12-31,llm_sonnet_blinded,29,0.1216
2009-12-31,llm_sonnet_raw,29,0.1172
2009-12-31,llm_sonnet_dated,29,0.0983
2009-12-31,ml_logit,29,0.9690
2009-12-31,ml_gbt,29,0.4579
2009-12-31,ml_logit_blinded,29,0.9263
2009-12-31,ml_gbt_blinded,29,0.2981
2009-12-31,climatology,29,0.0500
2009-12-31,uniform,29,0.0500
2009-12-31,oracle,29,1.0000
2010-01-29,llm_sonnet_blinded,30,0.1778
2010-01-29,llm_sonnet_raw,30,0.0768
2010-01-29,llm_sonnet_dated,30,0.0970
2010-01-29,ml_logit,30,0.8520
2010-01-29,ml_gbt,30,0.4443
2010-01-29,ml_logit_blinded,30,0.7762
2010-01-29,ml_gbt_blinded,30,0.5678
2010-01-29,climatology,30,0.0500
2010-01-29,uniform,30,0.0500
2010-01-29,oracle,30,1.0000
2010-02-26,llm_sonnet_blinded,31,0.1609
2010-02-26,llm_sonnet_raw,31,0.0768
2010-02-26,llm_sonnet_dated,31,0.0970
2010-02-26,ml_logit,31,0.9094
2010-02-26,ml_gbt,31,0.5753
2010-02-26,ml_logit_blinded,31,0.8209
2010-02-26,ml_gbt_blinded,31,0.5542
2010-02-26,climatology,31,0.0500
2010-02-26,uniform,31,0.0500
2010-02-26,oracle,31,1.0000
2010-03-31,llm_sonnet_blinded,32,0.1602
2010-03-31,llm_sonnet_raw,32,0.0970
2010-03-31,llm_sonnet_dated,32,0.1170
2010-03-31,ml_logit,32,0.9454
2010-03-31,ml_gbt,32,0.4543
2010-03-31,ml_logit_blinded,32,0.8322
2010-03-31,ml_gbt_blinded,32,0.8082
2010-03-31,climatology,32,0.0500
2010-03-31,uniform,32,0.0500
2010-03-31,oracle,32,1.0000
2010-04-30,llm_sonnet_blinded,33,0.2286
2010-04-30,llm_sonnet_raw,33,0.1598
2010-04-30,llm_sonnet_dated,33,0.1598
2010-04-30,ml_logit,33,0.8873
2010-04-30,ml_gbt,33,0.6192
2010-04-30,ml_logit_blinded,33,0.7537
2010-04-30,ml_gbt_blinded,33,0.7641
2010-04-30,climatology,33,0.0500
2010-04-30,uniform,33,0.0500
2010-04-30,oracle,33,1.0000
2010-05-28,llm_sonnet_blinded,34,0.1794
2010-05-28,llm_sonnet_raw,34,0.1749
2010-05-28,llm_sonnet_dated,34,0.1600
2010-05-28,ml_logit,34,0.9889
2010-05-28,ml_gbt,34,0.4961
2010-05-28,ml_logit_blinded,34,0.4015
2010-05-28,ml_gbt_blinded,34,0.6844
2010-05-28,climatology,34,0.0500
2010-05-28,uniform,34,0.0500
2010-05-28,oracle,34,1.0000
2010-06-30,llm_sonnet_blinded,35,0.1172
2010-06-30,llm_sonnet_raw,35,0.1988
2010-06-30,llm_sonnet_dated,35,0.2917
2010-06-30,ml_logit,35,0.5007
2010-06-30,ml_gbt,35,0.3207
2010-06-30,ml_logit_blinded,35,0.1238
2010-06-30,ml_gbt_blinded,35,0.5923
2010-06-30,climatology,35,0.0500
2010-06-30,uniform,35,0.0500
2010-06-30,oracle,35,1.0000
2010-07-30,llm_sonnet_blinded,36,0.1598
2010-07-30,llm_sonnet_raw,36,0.1303
2010-07-30,llm_sonnet_dated,36,0.2281
2010-07-30,ml_logit,36,0.1482
2010-07-30,ml_gbt,36,0.1554
2010-07-30,ml_logit_blinded,36,0.1229
2010-07-30,ml_gbt_blinded,36,0.3389
2010-07-30,climatology,36,0.0500
2010-07-30,uniform,36,0.0500
2010-07-30,oracle,36,1.0000
2010-08-31,llm_sonnet_blinded,37,0.1008
2010-08-31,llm_sonnet_raw,37,0.2334
2010-08-31,llm_sonnet_dated,37,0.3363
2010-08-31,ml_logit,37,0.2788
2010-08-31,ml_gbt,37,0.2152
2010-08-31,ml_logit_blinded,37,0.4155
2010-08-31,ml_gbt_blinded,37,0.6717
2010-08-31,climatology,37,0.0500
2010-08-31,uniform,37,0.0500
2010-08-31,oracle,37,1.0000
2010-09-30,llm_sonnet_blinded,38,0.0500
2010-09-30,llm_sonnet_raw,38,0.1303
2010-09-30,llm_sonnet_dated,38,0.1400
2010-09-30,ml_logit,38,0.0556
2010-09-30,ml_gbt,38,0.4689
2010-09-30,ml_logit_blinded,38,0.0500
2010-09-30,ml_gbt_blinded,38,0.3527
2010-09-30,climatology,38,0.0500
2010-09-30,uniform,38,0.0500
2010-09-30,oracle,38,1.0000
2010-10-29,llm_sonnet_blinded,39,0.0500
2010-10-29,llm_sonnet_raw,39,0.0500
2010-10-29,llm_sonnet_dated,39,0.0544
2010-10-29,ml_logit,39,0.1706
2010-10-29,ml_gbt,39,0.4157
2010-10-29,ml_logit_blinded,39,0.1117
2010-10-29,ml_gbt_blinded,39,0.1335
2010-10-29,climatology,39,0.0500
2010-10-29,uniform,39,0.0500
2010-10-29,oracle,39,1.0000
2010-11-30,llm_sonnet_blinded,40,0.0925
2010-11-30,llm_sonnet_raw,40,0.0583
2010-11-30,llm_sonnet_dated,40,0.0768
2010-11-30,ml_logit,40,0.3527
2010-11-30,ml_gbt,40,0.7966
2010-11-30,ml_logit_blinded,40,0.3016
2010-11-30,ml_gbt_blinded,40,0.3732
2010-11-30,climatology,40,0.0500
2010-11-30,uniform,40,0.0500
2010-11-30,oracle,40,1.0000
2010-12-31,llm_sonnet_blinded,41,0.1907
2010-12-31,llm_sonnet_raw,41,0.0890
2010-12-31,llm_sonnet_dated,41,0.1593
2010-12-31,ml_logit,41,0.0929
2010-12-31,ml_gbt,41,0.3553
2010-12-31,ml_logit_blinded,41,0.0817
2010-12-31,ml_gbt_blinded,41,0.2143
2010-12-31,climatology,41,0.0500
2010-12-31,uniform,41,0.0500
2010-12-31,oracle,41,1.0000
2011-01-31,llm_sonnet_blinded,42,0.0768
2011-01-31,llm_sonnet_raw,42,0.0768
2011-01-31,llm_sonnet_dated,42,0.1956
2011-01-31,ml_logit,42,0.0638
2011-01-31,ml_gbt,42,0.2487
2011-01-31,ml_logit_blinded,42,0.1314
2011-01-31,ml_gbt_blinded,42,0.1634
2011-01-31,climatology,42,0.0500
2011-01-31,uniform,42,0.0500
2011-01-31,oracle,42,1.0000
2011-02-28,llm_sonnet_blinded,43,0.1195
2011-02-28,llm_sonnet_raw,43,0.1593
2011-02-28,llm_sonnet_dated,43,0.1593
2011-02-28,ml_logit,43,0.1174
2011-02-28,ml_gbt,43,0.1887
2011-02-28,ml_logit_blinded,43,0.1341
2011-02-28,ml_gbt_blinded,43,0.2263
2011-02-28,climatology,43,0.0500
2011-02-28,uniform,43,0.0500
2011-02-28,oracle,43,1.0000
2011-03-31,llm_sonnet_blinded,44,0.1446
2011-03-31,llm_sonnet_raw,44,0.1195
2011-03-31,llm_sonnet_dated,44,0.1769
2011-03-31,ml_logit,44,0.2943
2011-03-31,ml_gbt,44,0.6453
2011-03-31,ml_logit_blinded,44,0.2860
2011-03-31,ml_gbt_blinded,44,0.4215
2011-03-31,climatology,44,0.0500
2011-03-31,uniform,44,0.0500
2011-03-31,oracle,44,1.0000
2011-04-29,llm_sonnet_blinded,45,0.1092
2011-04-29,llm_sonnet_raw,45,0.1676
2011-04-29,llm_sonnet_dated,45,0.1195
2011-04-29,ml_logit,45,0.1175
2011-04-29,ml_gbt,45,0.0500
2011-04-29,ml_logit_blinded,45,0.1244
2011-04-29,ml_gbt_blinded,45,0.4519
2011-04-29,climatology,45,0.0500
2011-04-29,uniform,45,0.0500
2011-04-29,oracle,45,1.0000
2011-05-31,llm_sonnet_blinded,46,0.1273
2011-05-31,llm_sonnet_raw,46,0.0500
2011-05-31,llm_sonnet_dated,46,0.0500
2011-05-31,ml_logit,46,0.0945
2011-05-31,ml_gbt,46,0.8402
2011-05-31,ml_logit_blinded,46,0.0772
2011-05-31,ml_gbt_blinded,46,0.2694
2011-05-31,climatology,46,0.0500
2011-05-31,uniform,46,0.0500
2011-05-31,oracle,46,1.0000
2011-06-30,llm_sonnet_blinded,47,0.1222
2011-06-30,llm_sonnet_raw,47,0.0500
2011-06-30,llm_sonnet_dated,47,0.0500
2011-06-30,ml_logit,47,0.0565
2011-06-30,ml_gbt,47,0.1690
2011-06-30,ml_logit_blinded,47,0.1856
2011-06-30,ml_gbt_blinded,47,0.2533
2011-06-30,climatology,47,0.0500
2011-06-30,uniform,47,0.0500
2011-06-30,oracle,47,1.0000
2011-07-29,llm_sonnet_blinded,48,0.0768
2011-07-29,llm_sonnet_raw,48,0.1057
2011-07-29,llm_sonnet_dated,48,0.0863
2011-07-29,ml_logit,48,0.0652
2011-07-29,ml_gbt,48,0.1557
2011-07-29,ml_logit_blinded,48,0.1389
2011-07-29,ml_gbt_blinded,48,0.2901
2011-07-29,climatology,48,0.0500
2011-07-29,uniform,48,0.0500
2011-07-29,oracle,48,1.0000
2011-08-31,llm_sonnet_blinded,49,0.0500
2011-08-31,llm_sonnet_raw,49,0.0768
2011-08-31,llm_sonnet_dated,49,0.1536
2011-08-31,ml_logit,49,0.1869
2011-08-31,ml_gbt,49,0.7100
2011-08-31,ml_logit_blinded,49,0.2339
2011-08-31,ml_gbt_blinded,49,0.3713
2011-08-31,climatology,49,0.0500
2011-08-31,uniform,49,0.0500
2011-08-31,oracle,49,1.0000
2011-09-30,llm_sonnet_blinded,50,0.0559
2011-09-30,llm_sonnet_raw,50,0.2663
2011-09-30,llm_sonnet_dated,50,0.2489
2011-09-30,ml_logit,50,0.6483
2011-09-30,ml_gbt,50,0.3720
2011-09-30,ml_logit_blinded,50,0.3141
2011-09-30,ml_gbt_blinded,50,0.5309
2011-09-30,climatology,50,0.0500
2011-09-30,uniform,50,0.0500
2011-09-30,oracle,50,1.0000
2011-10-31,llm_sonnet_blinded,51,0.0725
2011-10-31,llm_sonnet_raw,51,0.0524
2011-10-31,llm_sonnet_dated,51,0.0500
2011-10-31,ml_logit,51,0.2514
2011-10-31,ml_gbt,51,0.3428
2011-10-31,ml_logit_blinded,51,0.1152
2011-10-31,ml_gbt_blinded,51,0.2418
2011-10-31,climatology,51,0.0500
2011-10-31,uniform,51,0.0500
2011-10-31,oracle,51,1.0000
2011-11-30,llm_sonnet_blinded,52,0.0600
2011-11-30,llm_sonnet_raw,52,0.0500
2011-11-30,llm_sonnet_dated,52,0.0500
2011-11-30,ml_logit,52,0.3738
2011-11-30,ml_gbt,52,0.2248
2011-11-30,ml_logit_blinded,52,0.4551
2011-11-30,ml_gbt_blinded,52,0.3259
2011-11-30,climatology,52,0.0500
2011-11-30,uniform,52,0.0500
2011-11-30,oracle,52,1.0000
2011-12-30,llm_sonnet_blinded,53,0.0500
2011-12-30,llm_sonnet_raw,53,0.0628
2011-12-30,llm_sonnet_dated,53,0.0735
2011-12-30,ml_logit,53,0.4030
2011-12-30,ml_gbt,53,0.2919
2011-12-30,ml_logit_blinded,53,0.3495
2011-12-30,ml_gbt_blinded,53,0.0500
2011-12-30,climatology,53,0.0500
2011-12-30,uniform,53,0.0500
2011-12-30,oracle,53,1.0000
2012-01-31,llm_sonnet_blinded,54,0.0500
2012-01-31,llm_sonnet_raw,54,0.0500
2012-01-31,llm_sonnet_dated,54,0.0942
2012-01-31,ml_logit,54,0.2588
2012-01-31,ml_gbt,54,0.4722
2012-01-31,ml_logit_blinded,54,0.2296
2012-01-31,ml_gbt_blinded,54,0.2744
2012-01-31,climatology,54,0.0500
2012-01-31,uniform,54,0.0500
2012-01-31,oracle,54,1.0000
2012-02-29,llm_sonnet_blinded,55,0.0613
2012-02-29,llm_sonnet_raw,55,0.0879
2012-02-29,llm_sonnet_dated,55,0.0883
2012-02-29,ml_logit,55,0.2625
2012-02-29,ml_gbt,55,0.3188
2012-02-29,ml_logit_blinded,55,0.2623
2012-02-29,ml_gbt_blinded,55,0.1358
2012-02-29,climatology,55,0.0500
2012-02-29,uniform,55,0.0500
2012-02-29,oracle,55,1.0000
2012-03-30,llm_sonnet_blinded,56,0.0500
2012-03-30,llm_sonnet_raw,56,0.0768
2012-03-30,llm_sonnet_dated,56,0.0768
2012-03-30,ml_logit,56,0.4410
2012-03-30,ml_gbt,56,0.0500
2012-03-30,ml_logit_blinded,56,0.0786
2012-03-30,ml_gbt_blinded,56,0.1978
2012-03-30,climatology,56,0.0500
2012-03-30,uniform,56,0.0500
2012-03-30,oracle,56,1.0000
2012-04-30,llm_sonnet_blinded,57,0.0563
2012-04-30,llm_sonnet_raw,57,0.0561
2012-04-30,llm_sonnet_dated,57,0.0718
2012-04-30,ml_logit,57,0.8214
2012-04-30,ml_gbt,57,0.3213
2012-04-30,ml_logit_blinded,57,0.3192
2012-04-30,ml_gbt_blinded,57,0.1815
2012-04-30,climatology,57,0.0500
2012-04-30,uniform,57,0.0500
2012-04-30,oracle,57,1.0000
2012-05-31,llm_sonnet_blinded,58,0.1293
2012-05-31,llm_sonnet_raw,58,0.2571
2012-05-31,llm_sonnet_dated,58,0.2917
2012-05-31,ml_logit,58,0.7520
2012-05-31,ml_gbt,58,0.1825
2012-05-31,ml_logit_blinded,58,0.5915
2012-05-31,ml_gbt_blinded,58,0.2568
2012-05-31,climatology,58,0.0500
2012-05-31,uniform,58,0.0500
2012-05-31,oracle,58,1.0000
2012-06-29,llm_sonnet_blinded,59,0.1539
2012-06-29,llm_sonnet_raw,59,0.1195
2012-06-29,llm_sonnet_dated,59,0.2167
2012-06-29,ml_logit,59,0.8476
2012-06-29,ml_gbt,59,0.2886
2012-06-29,ml_logit_blinded,59,0.4718
2012-06-29,ml_gbt_blinded,59,0.3094
2012-06-29,climatology,59,0.0500
2012-06-29,uniform,59,0.0500
2012-06-29,oracle,59,1.0000
2012-07-31,llm_sonnet_blinded,60,0.0725
2012-07-31,llm_sonnet_raw,60,0.1357
2012-07-31,llm_sonnet_dated,60,0.2145
2012-07-31,ml_logit,60,0.6683
2012-07-31,ml_gbt,60,0.1663
2012-07-31,ml_logit_blinded,60,0.6522
2012-07-31,ml_gbt_blinded,60,0.6820
2012-07-31,climatology,60,0.0500
2012-07-31,uniform,60,0.0500
2012-07-31,oracle,60,1.0000
2012-08-31,llm_sonnet_blinded,61,0.0946
2012-08-31,llm_sonnet_raw,61,0.0500
2012-08-31,llm_sonnet_dated,61,0.0718
2012-08-31,ml_logit,61,0.3327
2012-08-31,ml_gbt,61,0.1760
2012-08-31,ml_logit_blinded,61,0.2950
2012-08-31,ml_gbt_blinded,61,0.0593
2012-08-31,climatology,61,0.0500
2012-08-31,uniform,61,0.0500
2012-08-31,oracle,61,1.0000
2012-09-28,llm_sonnet_blinded,62,0.0500
2012-09-28,llm_sonnet_raw,62,0.0806
2012-09-28,llm_sonnet_dated,62,0.0768
2012-09-28,ml_logit,62,0.0512
2012-09-28,ml_gbt,62,0.0866
2012-09-28,ml_logit_blinded,62,0.0638
2012-09-28,ml_gbt_blinded,62,0.1068
2012-09-28,climatology,62,0.0500
2012-09-28,uniform,62,0.0500
2012-09-28,oracle,62,1.0000
2012-10-31,llm_sonnet_blinded,63,0.0500
2012-10-31,llm_sonnet_raw,63,0.0500
2012-10-31,llm_sonnet_dated,63,0.0500
2012-10-31,ml_logit,63,0.1159
2012-10-31,ml_gbt,63,0.0500
2012-10-31,ml_logit_blinded,63,0.2021
2012-10-31,ml_gbt_blinded,63,0.1743
2012-10-31,climatology,63,0.0500
2012-10-31,uniform,63,0.0500
2012-10-31,oracle,63,1.0000
2012-11-30,llm_sonnet_blinded,64,0.0500
2012-11-30,llm_sonnet_raw,64,0.0500
2012-11-30,llm_sonnet_dated,64,0.0523
2012-11-30,ml_logit,64,0.2929
2012-11-30,ml_gbt,64,0.5162
2012-11-30,ml_logit_blinded,64,0.1289
2012-11-30,ml_gbt_blinded,64,0.5665
2012-11-30,climatology,64,0.0500
2012-11-30,uniform,64,0.0500
2012-11-30,oracle,64,1.0000
2012-12-31,llm_sonnet_blinded,65,0.0500
2012-12-31,llm_sonnet_raw,65,0.0583
2012-12-31,llm_sonnet_dated,65,0.0561
2012-12-31,ml_logit,65,0.4113
2012-12-31,ml_gbt,65,0.8275
2012-12-31,ml_logit_blinded,65,0.2002
2012-12-31,ml_gbt_blinded,65,0.8294
2012-12-31,climatology,65,0.0500
2012-12-31,uniform,65,0.0500
2012-12-31,oracle,65,1.0000
2013-01-31,llm_sonnet_blinded,66,0.1018
2013-01-31,llm_sonnet_raw,66,0.1239
2013-01-31,llm_sonnet_dated,66,0.0890
2013-01-31,ml_logit,66,0.4774
2013-01-31,ml_gbt,66,0.8754
2013-01-31,ml_logit_blinded,66,0.3986
2013-01-31,ml_gbt_blinded,66,0.8115
2013-01-31,climatology,66,0.0500
2013-01-31,uniform,66,0.0500
2013-01-31,oracle,66,1.0000
2013-02-28,llm_sonnet_blinded,67,0.0768
2013-02-28,llm_sonnet_raw,67,0.0970
2013-02-28,llm_sonnet_dated,67,0.1675
2013-02-28,ml_logit,67,0.1307
2013-02-28,ml_gbt,67,0.3037
2013-02-28,ml_logit_blinded,67,0.2401
2013-02-28,ml_gbt_blinded,67,0.5823
2013-02-28,climatology,67,0.0500
2013-02-28,uniform,67,0.0500
2013-02-28,oracle,67,1.0000
2013-03-28,llm_sonnet_blinded,68,0.0500
2013-03-28,llm_sonnet_raw,68,0.1043
2013-03-28,llm_sonnet_dated,68,0.0768
2013-03-28,ml_logit,68,0.1474
2013-03-28,ml_gbt,68,0.1713
2013-03-28,ml_logit_blinded,68,0.1309
2013-03-28,ml_gbt_blinded,68,0.3716
2013-03-28,climatology,68,0.0500
2013-03-28,uniform,68,0.0500
2013-03-28,oracle,68,1.0000
2013-04-30,llm_sonnet_blinded,69,0.0500
2013-04-30,llm_sonnet_raw,69,0.0914
2013-04-30,llm_sonnet_dated,69,0.0992
2013-04-30,ml_logit,69,0.3775
2013-04-30,ml_gbt,69,0.3411
2013-04-30,ml_logit_blinded,69,0.5335
2013-04-30,ml_gbt_blinded,69,0.3708
2013-04-30,climatology,69,0.0500
2013-04-30,uniform,69,0.0500
2013-04-30,oracle,69,1.0000
2013-05-31,llm_sonnet_blinded,70,0.1278
2013-05-31,llm_sonnet_raw,70,0.1170
2013-05-31,llm_sonnet_dated,70,0.1104
2013-05-31,ml_logit,70,0.2579
2013-05-31,ml_gbt,70,0.4822
2013-05-31,ml_logit_blinded,70,0.5307
2013-05-31,ml_gbt_blinded,70,0.1281
2013-05-31,climatology,70,0.0500
2013-05-31,uniform,70,0.0500
2013-05-31,oracle,70,1.0000
2013-06-28,llm_sonnet_blinded,71,0.1376
2013-06-28,llm_sonnet_raw,71,0.0658
2013-06-28,llm_sonnet_dated,71,0.0736
2013-06-28,ml_logit,71,0.4905
2013-06-28,ml_gbt,71,0.3350
2013-06-28,ml_logit_blinded,71,0.7806
2013-06-28,ml_gbt_blinded,71,0.2833
2013-06-28,climatology,71,0.0500
2013-06-28,uniform,71,0.0500
2013-06-28,oracle,71,1.0000
2013-07-31,llm_sonnet_blinded,72,0.0500
2013-07-31,llm_sonnet_raw,72,0.0506
2013-07-31,llm_sonnet_dated,72,0.0583
2013-07-31,ml_logit,72,0.0884
2013-07-31,ml_gbt,72,0.4550
2013-07-31,ml_logit_blinded,72,0.4353
2013-07-31,ml_gbt_blinded,72,0.2428
2013-07-31,climatology,72,0.0500
2013-07-31,uniform,72,0.0500
2013-07-31,oracle,72,1.0000
2013-08-30,llm_sonnet_blinded,73,0.0538
2013-08-30,llm_sonnet_raw,73,0.0500
2013-08-30,llm_sonnet_dated,73,0.0500
2013-08-30,ml_logit,73,0.0828
2013-08-30,ml_gbt,73,0.2497
2013-08-30,ml_logit_blinded,73,0.2681
2013-08-30,ml_gbt_blinded,73,0.2885
2013-08-30,climatology,73,0.0500
2013-08-30,uniform,73,0.0500
2013-08-30,oracle,73,1.0000
2013-09-30,llm_sonnet_blinded,74,0.1347
2013-09-30,llm_sonnet_raw,74,0.0983
2013-09-30,llm_sonnet_dated,74,0.0768
2013-09-30,ml_logit,74,0.1172
2013-09-30,ml_gbt,74,0.1403
2013-09-30,ml_logit_blinded,74,0.0500
2013-09-30,ml_gbt_blinded,74,0.2623
2013-09-30,climatology,74,0.0500
2013-09-30,uniform,74,0.0500
2013-09-30,oracle,74,1.0000
2013-10-31,llm_sonnet_blinded,75,0.1357
2013-10-31,llm_sonnet_raw,75,0.1589
2013-10-31,llm_sonnet_dated,75,0.1598
2013-10-31,ml_logit,75,0.1765
2013-10-31,ml_gbt,75,0.0901
2013-10-31,ml_logit_blinded,75,0.4202
2013-10-31,ml_gbt_blinded,75,0.3028
2013-10-31,climatology,75,0.0500
2013-10-31,uniform,75,0.0500
2013-10-31,oracle,75,1.0000
2013-11-29,llm_sonnet_blinded,76,0.1431
2013-11-29,llm_sonnet_raw,76,0.1851
2013-11-29,llm_sonnet_dated,76,0.1675
2013-11-29,ml_logit,76,0.1412
2013-11-29,ml_gbt,76,0.1031
2013-11-29,ml_logit_blinded,76,0.2867
2013-11-29,ml_gbt_blinded,76,0.1739
2013-11-29,climatology,76,0.0500
2013-11-29,uniform,76,0.0500
2013-11-29,oracle,76,1.0000
2013-12-31,llm_sonnet_blinded,77,0.1761
2013-12-31,llm_sonnet_raw,77,0.1843
2013-12-31,llm_sonnet_dated,77,0.1843
2013-12-31,ml_logit,77,0.1687
2013-12-31,ml_gbt,77,0.3838
2013-12-31,ml_logit_blinded,77,0.0500
2013-12-31,ml_gbt_blinded,77,0.0761
2013-12-31,climatology,77,0.0500
2013-12-31,uniform,77,0.0500
2013-12-31,oracle,77,1.0000
2014-01-31,llm_sonnet_blinded,78,0.0846
2014-01-31,llm_sonnet_raw,78,0.0970
2014-01-31,llm_sonnet_dated,78,0.1146
2014-01-31,ml_logit,78,0.2629
2014-01-31,ml_gbt,78,0.5187
2014-01-31,ml_logit_blinded,78,0.3685
2014-01-31,ml_gbt_blinded,78,0.6503
2014-01-31,climatology,78,0.0500
2014-01-31,uniform,78,0.0500
2014-01-31,oracle,78,1.0000
2014-02-28,llm_sonnet_blinded,79,0.0500
2014-02-28,llm_sonnet_raw,79,0.0890
2014-02-28,llm_sonnet_dated,79,0.0735
2014-02-28,ml_logit,79,0.0622
2014-02-28,ml_gbt,79,0.3033
2014-02-28,ml_logit_blinded,79,0.0626
2014-02-28,ml_gbt_blinded,79,0.7371
2014-02-28,climatology,79,0.0500
2014-02-28,uniform,79,0.0500
2014-02-28,oracle,79,1.0000
2014-03-31,llm_sonnet_blinded,80,0.0500
2014-03-31,llm_sonnet_raw,80,0.1052
2014-03-31,llm_sonnet_dated,80,0.0942
2014-03-31,ml_logit,80,0.0562
2014-03-31,ml_gbt,80,0.0999
2014-03-31,ml_logit_blinded,80,0.0500
2014-03-31,ml_gbt_blinded,80,0.1570
2014-03-31,climatology,80,0.0500
2014-03-31,uniform,80,0.0500
2014-03-31,oracle,80,1.0000
2014-04-30,llm_sonnet_blinded,81,0.0818
2014-04-30,llm_sonnet_raw,81,0.0890
2014-04-30,llm_sonnet_dated,81,0.0890
2014-04-30,ml_logit,81,0.1244
2014-04-30,ml_gbt,81,0.1651
2014-04-30,ml_logit_blinded,81,0.0766
2014-04-30,ml_gbt_blinded,81,0.1479
2014-04-30,climatology,81,0.0500
2014-04-30,uniform,81,0.0500
2014-04-30,oracle,81,1.0000
2014-05-30,llm_sonnet_blinded,82,0.1338
2014-05-30,llm_sonnet_raw,82,0.1516
2014-05-30,llm_sonnet_dated,82,0.1889
2014-05-30,ml_logit,82,0.0500
2014-05-30,ml_gbt,82,0.2846
2014-05-30,ml_logit_blinded,82,0.0500
2014-05-30,ml_gbt_blinded,82,0.1790
2014-05-30,climatology,82,0.0500
2014-05-30,uniform,82,0.0500
2014-05-30,oracle,82,1.0000
2014-06-30,llm_sonnet_blinded,83,0.1983
2014-06-30,llm_sonnet_raw,83,0.1956
2014-06-30,llm_sonnet_dated,83,0.1847
2014-06-30,ml_logit,83,0.1078
2014-06-30,ml_gbt,83,0.3626
2014-06-30,ml_logit_blinded,83,0.1628
2014-06-30,ml_gbt_blinded,83,0.2958
2014-06-30,climatology,83,0.0500
2014-06-30,uniform,83,0.0500
2014-06-30,oracle,83,1.0000
2014-07-31,llm_sonnet_blinded,84,0.1983
2014-07-31,llm_sonnet_raw,84,0.1737
2014-07-31,llm_sonnet_dated,84,0.2174
2014-07-31,ml_logit,84,0.1858
2014-07-31,ml_gbt,84,0.1884
2014-07-31,ml_logit_blinded,84,0.1690
2014-07-31,ml_gbt_blinded,84,0.3756
2014-07-31,climatology,84,0.0500
2014-07-31,uniform,84,0.0500
2014-07-31,oracle,84,1.0000
2014-08-29,llm_sonnet_blinded,85,0.0665
2014-08-29,llm_sonnet_raw,85,0.1691
2014-08-29,llm_sonnet_dated,85,0.1059
2014-08-29,ml_logit,85,0.0500
2014-08-29,ml_gbt,85,0.3139
2014-08-29,ml_logit_blinded,85,0.4168
2014-08-29,ml_gbt_blinded,85,0.0500
2014-08-29,climatology,85,0.0500
2014-08-29,uniform,85,0.0500
2014-08-29,oracle,85,1.0000
2014-09-30,llm_sonnet_blinded,86,0.0768
2014-09-30,llm_sonnet_raw,86,0.0942
2014-09-30,llm_sonnet_dated,86,0.1112
2014-09-30,ml_logit,86,0.1210
2014-09-30,ml_gbt,86,0.1553
2014-09-30,ml_logit_blinded,86,0.1936
2014-09-30,ml_gbt_blinded,86,0.0705
2014-09-30,climatology,86,0.0500
2014-09-30,uniform,86,0.0500
2014-09-30,oracle,86,1.0000
2014-10-31,llm_sonnet_blinded,87,0.1718
2014-10-31,llm_sonnet_raw,87,0.1598
2014-10-31,llm_sonnet_dated,87,0.1706
2014-10-31,ml_logit,87,0.1494
2014-10-31,ml_gbt,87,0.2442
2014-10-31,ml_logit_blinded,87,0.0902
2014-10-31,ml_gbt_blinded,87,0.3723
2014-10-31,climatology,87,0.0500
2014-10-31,uniform,87,0.0500
2014-10-31,oracle,87,1.0000
2014-11-28,llm_sonnet_blinded,88,0.1195
2014-11-28,llm_sonnet_raw,88,0.0942
2014-11-28,llm_sonnet_dated,88,0.1675
2014-11-28,ml_logit,88,0.3650
2014-11-28,ml_gbt,88,0.1934
2014-11-28,ml_logit_blinded,88,0.1729
2014-11-28,ml_gbt_blinded,88,0.3477
2014-11-28,climatology,88,0.0500
2014-11-28,uniform,88,0.0500
2014-11-28,oracle,88,1.0000
2014-12-31,llm_sonnet_blinded,89,0.1052
2014-12-31,llm_sonnet_raw,89,0.1851
2014-12-31,llm_sonnet_dated,89,0.2056
2014-12-31,ml_logit,89,0.2862
2014-12-31,ml_gbt,89,0.4873
2014-12-31,ml_logit_blinded,89,0.3308
2014-12-31,ml_gbt_blinded,89,0.4137
2014-12-31,climatology,89,0.0500
2014-12-31,uniform,89,0.0500
2014-12-31,oracle,89,1.0000
2015-01-30,llm_sonnet_blinded,90,0.2023
2015-01-30,llm_sonnet_raw,90,0.1761
2015-01-30,llm_sonnet_dated,90,0.1936
2015-01-30,ml_logit,90,0.2467
2015-01-30,ml_gbt,90,0.3441
2015-01-30,ml_logit_blinded,90,0.3179
2015-01-30,ml_gbt_blinded,90,0.3142
2015-01-30,climatology,90,0.0500
2015-01-30,uniform,90,0.0500
2015-01-30,oracle,90,1.0000
2015-02-27,llm_sonnet_blinded,91,0.1835
2015-02-27,llm_sonnet_raw,91,0.1371
2015-02-27,llm_sonnet_dated,91,0.1395
2015-02-27,ml_logit,91,0.3535
2015-02-27,ml_gbt,91,0.1427
2015-02-27,ml_logit_blinded,91,0.3442
2015-02-27,ml_gbt_blinded,91,0.1195
2015-02-27,climatology,91,0.0500
2015-02-27,uniform,91,0.0500
2015-02-27,oracle,91,1.0000
2015-03-31,llm_sonnet_blinded,92,0.2575
2015-03-31,llm_sonnet_raw,92,0.1052
2015-03-31,llm_sonnet_dated,92,0.0583
2015-03-31,ml_logit,92,0.3446
2015-03-31,ml_gbt,92,0.3026
2015-03-31,ml_logit_blinded,92,0.2197
2015-03-31,ml_gbt_blinded,92,0.5854
2015-03-31,climatology,92,0.0500
2015-03-31,uniform,92,0.0500
2015-03-31,oracle,92,1.0000
2015-04-30,llm_sonnet_blinded,93,0.0645
2015-04-30,llm_sonnet_raw,93,0.0523
2015-04-30,llm_sonnet_dated,93,0.0500
2015-04-30,ml_logit,93,0.4243
2015-04-30,ml_gbt,93,0.4881
2015-04-30,ml_logit_blinded,93,0.4426
2015-04-30,ml_gbt_blinded,93,0.2350
2015-04-30,climatology,93,0.0500
2015-04-30,uniform,93,0.0500
2015-04-30,oracle,93,1.0000
2015-05-29,llm_sonnet_blinded,94,0.1276
2015-05-29,llm_sonnet_raw,94,0.0500
2015-05-29,llm_sonnet_dated,94,0.0500
2015-05-29,ml_logit,94,0.3170
2015-05-29,ml_gbt,94,0.3677
2015-05-29,ml_logit_blinded,94,0.4596
2015-05-29,ml_gbt_blinded,94,0.2314
2015-05-29,climatology,94,0.0500
2015-05-29,uniform,94,0.0500
2015-05-29,oracle,94,1.0000
2015-06-30,llm_sonnet_blinded,95,0.1675
2015-06-30,llm_sonnet_raw,95,0.0500
2015-06-30,llm_sonnet_dated,95,0.0500
2015-06-30,ml_logit,95,0.2927
2015-06-30,ml_gbt,95,0.4930
2015-06-30,ml_logit_blinded,95,0.6679
2015-06-30,ml_gbt_blinded,95,0.3278
2015-06-30,climatology,95,0.0500
2015-06-30,uniform,95,0.0500
2015-06-30,oracle,95,1.0000
2015-07-31,llm_sonnet_blinded,96,0.0500
2015-07-31,llm_sonnet_raw,96,0.0532
2015-07-31,llm_sonnet_dated,96,0.0583
2015-07-31,ml_logit,96,0.3353
2015-07-31,ml_gbt,96,0.4137
2015-07-31,ml_logit_blinded,96,0.5201
2015-07-31,ml_gbt_blinded,96,0.6268
2015-07-31,climatology,96,0.0500
2015-07-31,uniform,96,0.0500
2015-07-31,oracle,96,1.0000
2015-08-31,llm_sonnet_blinded,97,0.2931
2015-08-31,llm_sonnet_raw,97,0.3245
2015-08-31,llm_sonnet_dated,97,0.1903
2015-08-31,ml_logit,97,0.2011
2015-08-31,ml_gbt,97,0.4566
2015-08-31,ml_logit_blinded,97,0.6699
2015-08-31,ml_gbt_blinded,97,0.3584
2015-08-31,climatology,97,0.0500
2015-08-31,uniform,97,0.0500
2015-08-31,oracle,97,1.0000
2015-09-30,llm_sonnet_blinded,98,0.2281
2015-09-30,llm_sonnet_raw,98,0.3245
2015-09-30,llm_sonnet_dated,98,0.2145
2015-09-30,ml_logit,98,0.2865
2015-09-30,ml_gbt,98,0.7203
2015-09-30,ml_logit_blinded,98,0.6062
2015-09-30,ml_gbt_blinded,98,0.3712
2015-09-30,climatology,98,0.0500
2015-09-30,uniform,98,0.0500
2015-09-30,oracle,98,1.0000
2015-10-30,llm_sonnet_blinded,99,0.1731
2015-10-30,llm_sonnet_raw,99,0.1195
2015-10-30,llm_sonnet_dated,99,0.0500
2015-10-30,ml_logit,99,0.2243
2015-10-30,ml_gbt,99,0.3784
2015-10-30,ml_logit_blinded,99,0.1881
2015-10-30,ml_gbt_blinded,99,0.3698
2015-10-30,climatology,99,0.0500
2015-10-30,uniform,99,0.0500
2015-10-30,oracle,99,1.0000
2015-11-30,llm_sonnet_blinded,100,0.0992
2015-11-30,llm_sonnet_raw,100,0.0500
2015-11-30,llm_sonnet_dated,100,0.0500
2015-11-30,ml_logit,100,0.2876
2015-11-30,ml_gbt,100,0.4282
2015-11-30,ml_logit_blinded,100,0.3617
2015-11-30,ml_gbt_blinded,100,0.2056
2015-11-30,climatology,100,0.0500
2015-11-30,uniform,100,0.0500
2015-11-30,oracle,100,1.0000
2015-12-31,llm_sonnet_blinded,101,0.1413
2015-12-31,llm_sonnet_raw,101,0.0524
2015-12-31,llm_sonnet_dated,101,0.0585
2015-12-31,ml_logit,101,0.4697
2015-12-31,ml_gbt,101,0.3651
2015-12-31,ml_logit_blinded,101,0.2403
2015-12-31,ml_gbt_blinded,101,0.1993
2015-12-31,climatology,101,0.0500
2015-12-31,uniform,101,0.0500
2015-12-31,oracle,101,1.0000
2016-01-29,llm_sonnet_blinded,102,0.2755
2016-01-29,llm_sonnet_raw,102,0.2167
2016-01-29,llm_sonnet_dated,102,0.2167
2016-01-29,ml_logit,102,0.2735
2016-01-29,ml_gbt,102,0.7648
2016-01-29,ml_logit_blinded,102,0.1536
2016-01-29,ml_gbt_blinded,102,0.3697
2016-01-29,climatology,102,0.0500
2016-01-29,uniform,102,0.0500
2016-01-29,oracle,102,1.0000
2016-02-29,llm_sonnet_blinded,103,0.1473
2016-02-29,llm_sonnet_raw,103,0.1558
2016-02-29,llm_sonnet_dated,103,0.0812
2016-02-29,ml_logit,103,0.1562
2016-02-29,ml_gbt,103,0.5138
2016-02-29,ml_logit_blinded,103,0.2520
2016-02-29,ml_gbt_blinded,103,0.2503
2016-02-29,climatology,103,0.0500
2016-02-29,uniform,103,0.0500
2016-02-29,oracle,103,1.0000
2016-03-31,llm_sonnet_blinded,104,0.0863
2016-03-31,llm_sonnet_raw,104,0.0500
2016-03-31,llm_sonnet_dated,104,0.0628
2016-03-31,ml_logit,104,0.0693
2016-03-31,ml_gbt,104,0.0504
2016-03-31,ml_logit_blinded,104,0.2923
2016-03-31,ml_gbt_blinded,104,0.2739
2016-03-31,climatology,104,0.0500
2016-03-31,uniform,104,0.0500
2016-03-31,oracle,104,1.0000
2016-04-29,llm_sonnet_blinded,105,0.0559
2016-04-29,llm_sonnet_raw,105,0.0522
2016-04-29,llm_sonnet_dated,105,0.0500
2016-04-29,ml_logit,105,0.1265
2016-04-29,ml_gbt,105,0.3980
2016-04-29,ml_logit_blinded,105,0.2514
2016-04-29,ml_gbt_blinded,105,0.1887
2016-04-29,climatology,105,0.0500
2016-04-29,uniform,105,0.0500
2016-04-29,oracle,105,1.0000
2016-05-31,llm_sonnet_blinded,106,0.0500
2016-05-31,llm_sonnet_raw,106,0.0523
2016-05-31,llm_sonnet_dated,106,0.0500
2016-05-31,ml_logit,106,0.0576
2016-05-31,ml_gbt,106,0.2359
2016-05-31,ml_logit_blinded,106,0.0758
2016-05-31,ml_gbt_blinded,106,0.1905
2016-05-31,climatology,106,0.0500
2016-05-31,uniform,106,0.0500
2016-05-31,oracle,106,1.0000
2016-06-30,llm_sonnet_blinded,107,0.1460
2016-06-30,llm_sonnet_raw,107,0.0500
2016-06-30,llm_sonnet_dated,107,0.0979
2016-06-30,ml_logit,107,0.1032
2016-06-30,ml_gbt,107,0.1586
2016-06-30,ml_logit_blinded,107,0.3410
2016-06-30,ml_gbt_blinded,107,0.1506
2016-06-30,climatology,107,0.0500
2016-06-30,uniform,107,0.0500
2016-06-30,oracle,107,1.0000
2016-07-29,llm_sonnet_blinded,108,0.0500
2016-07-29,llm_sonnet_raw,108,0.0571
2016-07-29,llm_sonnet_dated,108,0.0532
2016-07-29,ml_logit,108,0.1709
2016-07-29,ml_gbt,108,0.2042
2016-07-29,ml_logit_blinded,108,0.5399
2016-07-29,ml_gbt_blinded,108,0.3041
2016-07-29,climatology,108,0.0500
2016-07-29,uniform,108,0.0500
2016-07-29,oracle,108,1.0000
2016-08-31,llm_sonnet_blinded,109,0.0582
2016-08-31,llm_sonnet_raw,109,0.0768
2016-08-31,llm_sonnet_dated,109,0.0523
2016-08-31,ml_logit,109,0.1973
2016-08-31,ml_gbt,109,0.1757
2016-08-31,ml_logit_blinded,109,0.5440
2016-08-31,ml_gbt_blinded,109,0.4874
2016-08-31,climatology,109,0.0500
2016-08-31,uniform,109,0.0500
2016-08-31,oracle,109,1.0000
2016-09-30,llm_sonnet_blinded,110,0.0527
2016-09-30,llm_sonnet_raw,110,0.1195
2016-09-30,llm_sonnet_dated,110,0.0906
2016-09-30,ml_logit,110,0.0969
2016-09-30,ml_gbt,110,0.3096
2016-09-30,ml_logit_blinded,110,0.3240
2016-09-30,ml_gbt_blinded,110,0.2428
2016-09-30,climatology,110,0.0500
2016-09-30,uniform,110,0.0500
2016-09-30,oracle,110,1.0000
2016-10-31,llm_sonnet_blinded,111,0.0576
2016-10-31,llm_sonnet_raw,111,0.0725
2016-10-31,llm_sonnet_dated,111,0.1174
2016-10-31,ml_logit,111,0.0500
2016-10-31,ml_gbt,111,0.0967
2016-10-31,ml_logit_blinded,111,0.0554
2016-10-31,ml_gbt_blinded,111,0.0592
2016-10-31,climatology,111,0.0500
2016-10-31,uniform,111,0.0500
2016-10-31,oracle,111,1.0000
2016-11-30,llm_sonnet_blinded,112,0.0838
2016-11-30,llm_sonnet_raw,112,0.1118
2016-11-30,llm_sonnet_dated,112,0.1593
2016-11-30,ml_logit,112,0.3251
2016-11-30,ml_gbt,112,0.2332
2016-11-30,ml_logit_blinded,112,0.4264
2016-11-30,ml_gbt_blinded,112,0.1586
2016-11-30,climatology,112,0.0500
2016-11-30,uniform,112,0.0500
2016-11-30,oracle,112,1.0000
2016-12-30,llm_sonnet_blinded,113,0.0500
2016-12-30,llm_sonnet_raw,113,0.1195
2016-12-30,llm_sonnet_dated,113,0.1785
2016-12-30,ml_logit,113,0.1661
2016-12-30,ml_gbt,113,0.1582
2016-12-30,ml_logit_blinded,113,0.5152
2016-12-30,ml_gbt_blinded,113,0.2814
2016-12-30,climatology,113,0.0500
2016-12-30,uniform,113,0.0500
2016-12-30,oracle,113,1.0000
2017-01-31,llm_sonnet_blinded,114,0.0665
2017-01-31,llm_sonnet_raw,114,0.1338
2017-01-31,llm_sonnet_dated,114,0.1593
2017-01-31,ml_logit,114,0.2114
2017-01-31,ml_gbt,114,0.2025
2017-01-31,ml_logit_blinded,114,0.2941
2017-01-31,ml_gbt_blinded,114,0.3987
2017-01-31,climatology,114,0.0500
2017-01-31,uniform,114,0.0500
2017-01-31,oracle,114,1.0000
2017-02-28,llm_sonnet_blinded,115,0.0711
2017-02-28,llm_sonnet_raw,115,0.1593
2017-02-28,llm_sonnet_dated,115,0.1983
2017-02-28,ml_logit,115,0.2985
2017-02-28,ml_gbt,115,0.2004
2017-02-28,ml_logit_blinded,115,0.3161
2017-02-28,ml_gbt_blinded,115,0.6091
2017-02-28,climatology,115,0.0500
2017-02-28,uniform,115,0.0500
2017-02-28,oracle,115,1.0000
2017-03-31,llm_sonnet_blinded,116,0.1195
2017-03-31,llm_sonnet_raw,116,0.1593
2017-03-31,llm_sonnet_dated,116,0.1593
2017-03-31,ml_logit,116,0.3450
2017-03-31,ml_gbt,116,0.2467
2017-03-31,ml_logit_blinded,116,0.4282
2017-03-31,ml_gbt_blinded,116,0.2508
2017-03-31,climatology,116,0.0500
2017-03-31,uniform,116,0.0500
2017-03-31,oracle,116,1.0000
2017-04-28,llm_sonnet_blinded,117,0.0500
2017-04-28,llm_sonnet_raw,117,0.1460
2017-04-28,llm_sonnet_dated,117,0.0616
2017-04-28,ml_logit,117,0.2238
2017-04-28,ml_gbt,117,0.4818
2017-04-28,ml_logit_blinded,117,0.4189
2017-04-28,ml_gbt_blinded,117,0.1489
2017-04-28,climatology,117,0.0500
2017-04-28,uniform,117,0.0500
2017-04-28,oracle,117,1.0000
2017-05-31,llm_sonnet_blinded,118,0.2217
2017-05-31,llm_sonnet_raw,118,0.1059
2017-05-31,llm_sonnet_dated,118,0.1598
2017-05-31,ml_logit,118,0.5826
2017-05-31,ml_gbt,118,0.7051
2017-05-31,ml_logit_blinded,118,0.4950
2017-05-31,ml_gbt_blinded,118,0.2261
2017-05-31,climatology,118,0.0500
2017-05-31,uniform,118,0.0500
2017-05-31,oracle,118,1.0000
2017-06-30,llm_sonnet_blinded,119,0.1370
2017-06-30,llm_sonnet_raw,119,0.0890
2017-06-30,llm_sonnet_dated,119,0.0735
2017-06-30,ml_logit,119,0.6179
2017-06-30,ml_gbt,119,0.4028
2017-06-30,ml_logit_blinded,119,0.2176
2017-06-30,ml_gbt_blinded,119,0.2001
2017-06-30,climatology,119,0.0500
2017-06-30,uniform,119,0.0500
2017-06-30,oracle,119,1.0000
2017-07-31,llm_sonnet_blinded,120,0.1598
2017-07-31,llm_sonnet_raw,120,0.1843
2017-07-31,llm_sonnet_dated,120,0.1559
2017-07-31,ml_logit,120,0.6996
2017-07-31,ml_gbt,120,0.2287
2017-07-31,ml_logit_blinded,120,0.2831
2017-07-31,ml_gbt_blinded,120,0.0500
2017-07-31,climatology,120,0.0500
2017-07-31,uniform,120,0.0500
2017-07-31,oracle,120,1.0000
2017-08-31,llm_sonnet_blinded,121,0.1268
2017-08-31,llm_sonnet_raw,121,0.0768
2017-08-31,llm_sonnet_dated,121,0.0707
2017-08-31,ml_logit,121,0.5309
2017-08-31,ml_gbt,121,0.0500
2017-08-31,ml_logit_blinded,121,0.2600
2017-08-31,ml_gbt_blinded,121,0.0500
2017-08-31,climatology,121,0.0500
2017-08-31,uniform,121,0.0500
2017-08-31,oracle,121,1.0000
2017-09-29,llm_sonnet_blinded,122,0.0530
2017-09-29,llm_sonnet_raw,122,0.0890
2017-09-29,llm_sonnet_dated,122,0.0838
2017-09-29,ml_logit,122,0.2629
2017-09-29,ml_gbt,122,0.1067
2017-09-29,ml_logit_blinded,122,0.1115
2017-09-29,ml_gbt_blinded,122,0.1596
2017-09-29,climatology,122,0.0500
2017-09-29,uniform,122,0.0500
2017-09-29,oracle,122,1.0000
2017-10-31,llm_sonnet_blinded,123,0.0568
2017-10-31,llm_sonnet_raw,123,0.0718
2017-10-31,llm_sonnet_dated,123,0.0816
2017-10-31,ml_logit,123,0.1128
2017-10-31,ml_gbt,123,0.0500
2017-10-31,ml_logit_blinded,123,0.0592
2017-10-31,ml_gbt_blinded,123,0.0954
2017-10-31,climatology,123,0.0500
2017-10-31,uniform,123,0.0500
2017-10-31,oracle,123,1.0000
2017-11-30,llm_sonnet_blinded,124,0.1195
2017-11-30,llm_sonnet_raw,124,0.2004
2017-11-30,llm_sonnet_dated,124,0.1639
2017-11-30,ml_logit,124,0.2125
2017-11-30,ml_gbt,124,0.0959
2017-11-30,ml_logit_blinded,124,0.0998
2017-11-30,ml_gbt_blinded,124,0.2033
2017-11-30,climatology,124,0.0500
2017-11-30,uniform,124,0.0500
2017-11-30,oracle,124,1.0000
2017-12-29,llm_sonnet_blinded,125,0.0768
2017-12-29,llm_sonnet_raw,125,0.1691
2017-12-29,llm_sonnet_dated,125,0.1823
2017-12-29,ml_logit,125,0.2518
2017-12-29,ml_gbt,125,0.2387
2017-12-29,ml_logit_blinded,125,0.2124
2017-12-29,ml_gbt_blinded,125,0.2429
2017-12-29,climatology,125,0.0500
2017-12-29,uniform,125,0.0500
2017-12-29,oracle,125,1.0000
2018-01-31,llm_sonnet_blinded,126,0.0768
2018-01-31,llm_sonnet_raw,126,0.1691
2018-01-31,llm_sonnet_dated,126,0.2264
2018-01-31,ml_logit,126,0.4060
2018-01-31,ml_gbt,126,0.4156
2018-01-31,ml_logit_blinded,126,0.4237
2018-01-31,ml_gbt_blinded,126,0.2432
2018-01-31,climatology,126,0.0500
2018-01-31,uniform,126,0.0500
2018-01-31,oracle,126,1.0000
2018-02-28,llm_sonnet_blinded,127,0.0500
2018-02-28,llm_sonnet_raw,127,0.0885
2018-02-28,llm_sonnet_dated,127,0.1338
2018-02-28,ml_logit,127,0.5291
2018-02-28,ml_gbt,127,0.7559
2018-02-28,ml_logit_blinded,127,0.4825
2018-02-28,ml_gbt_blinded,127,0.3357
2018-02-28,climatology,127,0.0500
2018-02-28,uniform,127,0.0500
2018-02-28,oracle,127,1.0000
2018-03-29,llm_sonnet_blinded,128,0.0500
2018-03-29,llm_sonnet_raw,128,0.0812
2018-03-29,llm_sonnet_dated,128,0.1195
2018-03-29,ml_logit,128,0.6333
2018-03-29,ml_gbt,128,0.0575
2018-03-29,ml_logit_blinded,128,0.6927
2018-03-29,ml_gbt_blinded,128,0.3973
2018-03-29,climatology,128,0.0500
2018-03-29,uniform,128,0.0500
2018-03-29,oracle,128,1.0000
2018-04-30,llm_sonnet_blinded,129,0.0585
2018-04-30,llm_sonnet_raw,129,0.1116
2018-04-30,llm_sonnet_dated,129,0.1558
2018-04-30,ml_logit,129,0.6776
2018-04-30,ml_gbt,129,0.1677
2018-04-30,ml_logit_blinded,129,0.7242
2018-04-30,ml_gbt_blinded,129,0.5692
2018-04-30,climatology,129,0.0500
2018-04-30,uniform,129,0.0500
2018-04-30,oracle,129,1.0000
2018-05-31,llm_sonnet_blinded,130,0.1116
2018-05-31,llm_sonnet_raw,130,0.1785
2018-05-31,llm_sonnet_dated,130,0.1531
2018-05-31,ml_logit,130,0.2459
2018-05-31,ml_gbt,130,0.2115
2018-05-31,ml_logit_blinded,130,0.4198
2018-05-31,ml_gbt_blinded,130,0.2764
2018-05-31,climatology,130,0.0500
2018-05-31,uniform,130,0.0500
2018-05-31,oracle,130,1.0000
2018-06-29,llm_sonnet_blinded,131,0.0768
2018-06-29,llm_sonnet_raw,131,0.1116
2018-06-29,llm_sonnet_dated,131,0.1116
2018-06-29,ml_logit,131,0.1191
2018-06-29,ml_gbt,131,0.0500
2018-06-29,ml_logit_blinded,131,0.2101
2018-06-29,ml_gbt_blinded,131,0.3221
2018-06-29,climatology,131,0.0500
2018-06-29,uniform,131,0.0500
2018-06-29,oracle,131,1.0000
2018-07-31,llm_sonnet_blinded,132,0.0812
2018-07-31,llm_sonnet_raw,132,0.1514
2018-07-31,llm_sonnet_dated,132,0.1092
2018-07-31,ml_logit,132,0.1903
2018-07-31,ml_gbt,132,0.0641
2018-07-31,ml_logit_blinded,132,0.4073
2018-07-31,ml_gbt_blinded,132,0.1293
2018-07-31,climatology,132,0.0500
2018-07-31,uniform,132,0.0500
2018-07-31,oracle,132,1.0000
2018-08-31,llm_sonnet_blinded,133,0.0585
2018-08-31,llm_sonnet_raw,133,0.1558
2018-08-31,llm_sonnet_dated,133,0.1077
2018-08-31,ml_logit,133,0.0955
2018-08-31,ml_gbt,133,0.1268
2018-08-31,ml_logit_blinded,133,0.0766
2018-08-31,ml_gbt_blinded,133,0.1829
2018-08-31,climatology,133,0.0500
2018-08-31,uniform,133,0.0500
2018-08-31,oracle,133,1.0000
2018-09-28,llm_sonnet_blinded,134,0.0940
2018-09-28,llm_sonnet_raw,134,0.1208
2018-09-28,llm_sonnet_dated,134,0.0879
2018-09-28,ml_logit,134,0.0500
2018-09-28,ml_gbt,134,0.1908
2018-09-28,ml_logit_blinded,134,0.0916
2018-09-28,ml_gbt_blinded,134,0.1076
2018-09-28,climatology,134,0.0500
2018-09-28,uniform,134,0.0500
2018-09-28,oracle,134,1.0000
2018-10-31,llm_sonnet_blinded,135,0.1593
2018-10-31,llm_sonnet_raw,135,0.0849
2018-10-31,llm_sonnet_dated,135,0.0678
2018-10-31,ml_logit,135,0.1818
2018-10-31,ml_gbt,135,0.2693
2018-10-31,ml_logit_blinded,135,0.4239
2018-10-31,ml_gbt_blinded,135,0.2579
2018-10-31,climatology,135,0.0500
2018-10-31,uniform,135,0.0500
2018-10-31,oracle,135,1.0000
2018-11-30,llm_sonnet_blinded,136,0.1195
2018-11-30,llm_sonnet_raw,136,0.0523
2018-11-30,llm_sonnet_dated,136,0.0768
2018-11-30,ml_logit,136,0.1343
2018-11-30,ml_gbt,136,0.0753
2018-11-30,ml_logit_blinded,136,0.4513
2018-11-30,ml_gbt_blinded,136,0.2723
2018-11-30,climatology,136,0.0500
2018-11-30,uniform,136,0.0500
2018-11-30,oracle,136,1.0000
2018-12-31,llm_sonnet_blinded,137,0.3716
2018-12-31,llm_sonnet_raw,137,0.4107
2018-12-31,llm_sonnet_dated,137,0.2980
2018-12-31,ml_logit,137,0.2931
2018-12-31,ml_gbt,137,0.0615
2018-12-31,ml_logit_blinded,137,0.6118
2018-12-31,ml_gbt_blinded,137,0.3596
2018-12-31,climatology,137,0.0500
2018-12-31,uniform,137,0.0500
2018-12-31,oracle,137,1.0000
2019-01-31,llm_sonnet_blinded,138,0.0873
2019-01-31,llm_sonnet_raw,138,0.0653
2019-01-31,llm_sonnet_dated,138,0.1208
2019-01-31,ml_logit,138,0.3449
2019-01-31,ml_gbt,138,0.1683
2019-01-31,ml_logit_blinded,138,0.2472
2019-01-31,ml_gbt_blinded,138,0.5387
2019-01-31,climatology,138,0.0500
2019-01-31,uniform,138,0.0500
2019-01-31,oracle,138,1.0000
2019-02-28,llm_sonnet_blinded,139,0.1147
2019-02-28,llm_sonnet_raw,139,0.0707
2019-02-28,llm_sonnet_dated,139,0.0987
2019-02-28,ml_logit,139,0.4070
2019-02-28,ml_gbt,139,0.1821
2019-02-28,ml_logit_blinded,139,0.4839
2019-02-28,ml_gbt_blinded,139,0.6443
2019-02-28,climatology,139,0.0500
2019-02-28,uniform,139,0.0500
2019-02-28,oracle,139,1.0000
2019-03-29,llm_sonnet_blinded,140,0.1134
2019-03-29,llm_sonnet_raw,140,0.1064
2019-03-29,llm_sonnet_dated,140,0.1187
2019-03-29,ml_logit,140,0.3065
2019-03-29,ml_gbt,140,0.1017
2019-03-29,ml_logit_blinded,140,0.3584
2019-03-29,ml_gbt_blinded,140,0.4085
2019-03-29,climatology,140,0.0500
2019-03-29,uniform,140,0.0500
2019-03-29,oracle,140,1.0000
2019-04-30,llm_sonnet_blinded,141,0.1508
2019-04-30,llm_sonnet_raw,141,0.0768
2019-04-30,llm_sonnet_dated,141,0.0695
2019-04-30,ml_logit,141,0.4654
2019-04-30,ml_gbt,141,0.0500
2019-04-30,ml_logit_blinded,141,0.5130
2019-04-30,ml_gbt_blinded,141,0.4651
2019-04-30,climatology,141,0.0500
2019-04-30,uniform,141,0.0500
2019-04-30,oracle,141,1.0000
2019-05-31,llm_sonnet_blinded,142,0.2635
2019-05-31,llm_sonnet_raw,142,0.2174
2019-05-31,llm_sonnet_dated,142,0.2571
2019-05-31,ml_logit,142,0.4916
2019-05-31,ml_gbt,142,0.4478
2019-05-31,ml_logit_blinded,142,0.4775
2019-05-31,ml_gbt_blinded,142,0.1632
2019-05-31,climatology,142,0.0500
2019-05-31,uniform,142,0.0500
2019-05-31,oracle,142,1.0000
2019-06-28,llm_sonnet_blinded,143,0.1195
2019-06-28,llm_sonnet_raw,143,0.0500
2019-06-28,llm_sonnet_dated,143,0.1079
2019-06-28,ml_logit,143,0.2003
2019-06-28,ml_gbt,143,0.1053
2019-06-28,ml_logit_blinded,143,0.1833
2019-06-28,ml_gbt_blinded,143,0.0881
2019-06-28,climatology,143,0.0500
2019-06-28,uniform,143,0.0500
2019-06-28,oracle,143,1.0000
2019-07-31,llm_sonnet_blinded,144,0.0582
2019-07-31,llm_sonnet_raw,144,0.0943
2019-07-31,llm_sonnet_dated,144,0.1172
2019-07-31,ml_logit,144,0.1965
2019-07-31,ml_gbt,144,0.1850
2019-07-31,ml_logit_blinded,144,0.1957
2019-07-31,ml_gbt_blinded,144,0.0580
2019-07-31,climatology,144,0.0500
2019-07-31,uniform,144,0.0500
2019-07-31,oracle,144,1.0000
2019-08-30,llm_sonnet_blinded,145,0.1446
2019-08-30,llm_sonnet_raw,145,0.2145
2019-08-30,llm_sonnet_dated,145,0.2066
2019-08-30,ml_logit,145,0.1557
2019-08-30,ml_gbt,145,0.3042
2019-08-30,ml_logit_blinded,145,0.3161
2019-08-30,ml_gbt_blinded,145,0.0500
2019-08-30,climatology,145,0.0500
2019-08-30,uniform,145,0.0500
2019-08-30,oracle,145,1.0000
2019-09-30,llm_sonnet_blinded,146,0.0500
2019-09-30,llm_sonnet_raw,146,0.0500
2019-09-30,llm_sonnet_dated,146,0.0571
2019-09-30,ml_logit,146,0.2492
2019-09-30,ml_gbt,146,0.0500
2019-09-30,ml_logit_blinded,146,0.2918
2019-09-30,ml_gbt_blinded,146,0.0553
2019-09-30,climatology,146,0.0500
2019-09-30,uniform,146,0.0500
2019-09-30,oracle,146,1.0000
2019-10-31,llm_sonnet_blinded,147,0.0500
2019-10-31,llm_sonnet_raw,147,0.0500
2019-10-31,llm_sonnet_dated,147,0.0500
2019-10-31,ml_logit,147,0.1200
2019-10-31,ml_gbt,147,0.2200
2019-10-31,ml_logit_blinded,147,0.1320
2019-10-31,ml_gbt_blinded,147,0.1131
2019-10-31,climatology,147,0.0500
2019-10-31,uniform,147,0.0500
2019-10-31,oracle,147,1.0000
2019-11-29,llm_sonnet_blinded,148,0.0500
2019-11-29,llm_sonnet_raw,148,0.0523
2019-11-29,llm_sonnet_dated,148,0.0583
2019-11-29,ml_logit,148,0.0891
2019-11-29,ml_gbt,148,0.0969
2019-11-29,ml_logit_blinded,148,0.0980
2019-11-29,ml_gbt_blinded,148,0.1019
2019-11-29,climatology,148,0.0500
2019-11-29,uniform,148,0.0500
2019-11-29,oracle,148,1.0000
2019-12-31,llm_sonnet_blinded,149,0.0500
2019-12-31,llm_sonnet_raw,149,0.0678
2019-12-31,llm_sonnet_dated,149,0.0768
2019-12-31,ml_logit,149,0.2256
2019-12-31,ml_gbt,149,0.1802
2019-12-31,ml_logit_blinded,149,0.5197
2019-12-31,ml_gbt_blinded,149,0.2029
2019-12-31,climatology,149,0.0500
2019-12-31,uniform,149,0.0500
2019-12-31,oracle,149,1.0000
2020-01-31,llm_sonnet_blinded,150,0.0889
2020-01-31,llm_sonnet_raw,150,0.0711
2020-01-31,llm_sonnet_dated,150,0.0544
2020-01-31,ml_logit,150,0.0621
2020-01-31,ml_gbt,150,0.1565
2020-01-31,ml_logit_blinded,150,0.2547
2020-01-31,ml_gbt_blinded,150,0.0796
2020-01-31,climatology,150,0.0500
2020-01-31,uniform,150,0.0500
2020-01-31,oracle,150,1.0000
2020-02-28,llm_sonnet_blinded,151,0.0892
2020-02-28,llm_sonnet_raw,151,0.3282
2020-02-28,llm_sonnet_dated,151,0.4107
2020-02-28,ml_logit,151,0.6580
2020-02-28,ml_gbt,151,0.3251
2020-02-28,ml_logit_blinded,151,0.1796
2020-02-28,ml_gbt_blinded,151,0.4180
2020-02-28,climatology,151,0.0500
2020-02-28,uniform,151,0.0500
2020-02-28,oracle,151,1.0000
2020-03-31,llm_sonnet_blinded,152,0.3716
2020-03-31,llm_sonnet_raw,152,0.4116
2020-03-31,llm_sonnet_dated,152,0.5019
2020-03-31,ml_logit,152,0.9189
2020-03-31,ml_gbt,152,0.4787
2020-03-31,ml_logit_blinded,152,0.9208
2020-03-31,ml_gbt_blinded,152,0.7595
2020-03-31,climatology,152,0.0500
2020-03-31,uniform,152,0.0500
2020-03-31,oracle,152,1.0000
2020-04-30,llm_sonnet_blinded,153,0.5111
2020-04-30,llm_sonnet_raw,153,0.2951
2020-04-30,llm_sonnet_dated,153,0.3458
2020-04-30,ml_logit,153,0.4721
2020-04-30,ml_gbt,153,0.6768
2020-04-30,ml_logit_blinded,153,0.4837
2020-04-30,ml_gbt_blinded,153,0.5541
2020-04-30,climatology,153,0.0500
2020-04-30,uniform,153,0.0500
2020-04-30,oracle,153,1.0000
2020-05-29,llm_sonnet_blinded,154,0.4518
2020-05-29,llm_sonnet_raw,154,0.1994
2020-05-29,llm_sonnet_dated,154,0.2429
2020-05-29,ml_logit,154,0.9900
2020-05-29,ml_gbt,154,0.4196
2020-05-29,ml_logit_blinded,154,0.3648
2020-05-29,ml_gbt_blinded,154,0.3987
2020-05-29,climatology,154,0.0500
2020-05-29,uniform,154,0.0500
2020-05-29,oracle,154,1.0000
2020-06-30,llm_sonnet_blinded,155,0.1303
2020-06-30,llm_sonnet_raw,155,0.1995
2020-06-30,llm_sonnet_dated,155,0.1295
2020-06-30,ml_logit,155,0.9808
2020-06-30,ml_gbt,155,0.2970
2020-06-30,ml_logit_blinded,155,0.5097
2020-06-30,ml_gbt_blinded,155,0.3573
2020-06-30,climatology,155,0.0500
2020-06-30,uniform,155,0.0500
2020-06-30,oracle,155,1.0000
2020-07-31,llm_sonnet_blinded,156,0.2041
2020-07-31,llm_sonnet_raw,156,0.0992
2020-07-31,llm_sonnet_dated,156,0.1285
2020-07-31,ml_logit,156,0.9018
2020-07-31,ml_gbt,156,0.5439
2020-07-31,ml_logit_blinded,156,0.1538
2020-07-31,ml_gbt_blinded,156,0.2165
2020-07-31,climatology,156,0.0500
2020-07-31,uniform,156,0.0500
2020-07-31,oracle,156,1.0000
2020-08-31,llm_sonnet_blinded,157,0.1960
2020-08-31,llm_sonnet_raw,157,0.1639
2020-08-31,llm_sonnet_dated,157,0.1691
2020-08-31,ml_logit,157,0.9951
2020-08-31,ml_gbt,157,0.0828
2020-08-31,ml_logit_blinded,157,0.1343
2020-08-31,ml_gbt_blinded,157,0.1220
2020-08-31,climatology,157,0.0500
2020-08-31,uniform,157,0.0500
2020-08-31,oracle,157,1.0000
2020-09-30,llm_sonnet_blinded,158,0.1960
2020-09-30,llm_sonnet_raw,158,0.1286
2020-09-30,llm_sonnet_dated,158,0.0987
2020-09-30,ml_logit,158,0.7381
2020-09-30,ml_gbt,158,0.2372
2020-09-30,ml_logit_blinded,158,0.0706
2020-09-30,ml_gbt_blinded,158,0.0512
2020-09-30,climatology,158,0.0500
2020-09-30,uniform,158,0.0500
2020-09-30,oracle,158,1.0000
2020-10-30,llm_sonnet_blinded,159,0.1048
2020-10-30,llm_sonnet_raw,159,0.1195
2020-10-30,llm_sonnet_dated,159,0.1318
2020-10-30,ml_logit,159,0.1125
2020-10-30,ml_gbt,159,0.2082
2020-10-30,ml_logit_blinded,159,0.2172
2020-10-30,ml_gbt_blinded,159,0.1611
2020-10-30,climatology,159,0.0500
2020-10-30,uniform,159,0.0500
2020-10-30,oracle,159,1.0000
2020-11-30,llm_sonnet_blinded,160,0.0760
2020-11-30,llm_sonnet_raw,160,0.1089
2020-11-30,llm_sonnet_dated,160,0.0970
2020-11-30,ml_logit,160,0.0500
2020-11-30,ml_gbt,160,0.2588
2020-11-30,ml_logit_blinded,160,0.0500
2020-11-30,ml_gbt_blinded,160,0.1167
2020-11-30,climatology,160,0.0500
2020-11-30,uniform,160,0.0500
2020-11-30,oracle,160,1.0000
2020-12-31,llm_sonnet_blinded,161,0.0695
2020-12-31,llm_sonnet_raw,161,0.1233
2020-12-31,llm_sonnet_dated,161,0.1282
2020-12-31,ml_logit,161,0.0500
2020-12-31,ml_gbt,161,0.2425
2020-12-31,ml_logit_blinded,161,0.1086
2020-12-31,ml_gbt_blinded,161,0.3422
2020-12-31,climatology,161,0.0500
2020-12-31,uniform,161,0.0500
2020-12-31,oracle,161,1.0000
2021-01-29,llm_sonnet_blinded,162,0.0970
2021-01-29,llm_sonnet_raw,162,0.1136
2021-01-29,llm_sonnet_dated,162,0.1172
2021-01-29,ml_logit,162,0.0650
2021-01-29,ml_gbt,162,0.2838
2021-01-29,ml_logit_blinded,162,0.0500
2021-01-29,ml_gbt_blinded,162,0.3775
2021-01-29,climatology,162,0.0500
2021-01-29,uniform,162,0.0500
2021-01-29,oracle,162,1.0000
2021-02-26,llm_sonnet_blinded,163,0.0829
2021-02-26,llm_sonnet_raw,163,0.1421
2021-02-26,llm_sonnet_dated,163,0.1676
2021-02-26,ml_logit,163,0.2708
2021-02-26,ml_gbt,163,0.2406
2021-02-26,ml_logit_blinded,163,0.2702
2021-02-26,ml_gbt_blinded,163,0.3139
2021-02-26,climatology,163,0.0500
2021-02-26,uniform,163,0.0500
2021-02-26,oracle,163,1.0000
2021-03-31,llm_sonnet_blinded,164,0.0585
2021-03-31,llm_sonnet_raw,164,0.1338
2021-03-31,llm_sonnet_dated,164,0.2004
2021-03-31,ml_logit,164,0.6769
2021-03-31,ml_gbt,164,0.7010
2021-03-31,ml_logit_blinded,164,0.3416
2021-03-31,ml_gbt_blinded,164,0.2955
2021-03-31,climatology,164,0.0500
2021-03-31,uniform,164,0.0500
2021-03-31,oracle,164,1.0000
2021-04-30,llm_sonnet_blinded,165,0.1174
2021-04-30,llm_sonnet_raw,165,0.2487
2021-04-30,llm_sonnet_dated,165,0.2294
2021-04-30,ml_logit,165,0.5790
2021-04-30,ml_gbt,165,0.4564
2021-04-30,ml_logit_blinded,165,0.3469
2021-04-30,ml_gbt_blinded,165,0.3194
2021-04-30,climatology,165,0.0500
2021-04-30,uniform,165,0.0500
2021-04-30,oracle,165,1.0000
2021-05-28,llm_sonnet_blinded,166,0.2361
2021-05-28,llm_sonnet_raw,166,0.2817
2021-05-28,llm_sonnet_dated,166,0.2690
2021-05-28,ml_logit,166,0.6587
2021-05-28,ml_gbt,166,0.4115
2021-05-28,ml_logit_blinded,166,0.5012
2021-05-28,ml_gbt_blinded,166,0.5514
2021-05-28,climatology,166,0.0500
2021-05-28,uniform,166,0.0500
2021-05-28,oracle,166,1.0000
2021-06-30,llm_sonnet_blinded,167,0.2334
2021-06-30,llm_sonnet_raw,167,0.2304
2021-06-30,llm_sonnet_dated,167,0.1593
2021-06-30,ml_logit,167,0.9598
2021-06-30,ml_gbt,167,0.5040
2021-06-30,ml_logit_blinded,167,0.5154
2021-06-30,ml_gbt_blinded,167,0.3102
2021-06-30,climatology,167,0.0500
2021-06-30,uniform,167,0.0500
2021-06-30,oracle,167,1.0000
2021-07-30,llm_sonnet_blinded,168,0.2222
2021-07-30,llm_sonnet_raw,168,0.2023
2021-07-30,llm_sonnet_dated,168,0.0812
2021-07-30,ml_logit,168,0.7286
2021-07-30,ml_gbt,168,0.3334
2021-07-30,ml_logit_blinded,168,0.5247
2021-07-30,ml_gbt_blinded,168,0.2376
2021-07-30,climatology,168,0.0500
2021-07-30,uniform,168,0.0500
2021-07-30,oracle,168,1.0000
2021-08-31,llm_sonnet_blinded,169,0.1609
2021-08-31,llm_sonnet_raw,169,0.1785
2021-08-31,llm_sonnet_dated,169,0.0501
2021-08-31,ml_logit,169,0.2597
2021-08-31,ml_gbt,169,0.3755
2021-08-31,ml_logit_blinded,169,0.3586
2021-08-31,ml_gbt_blinded,169,0.1569
2021-08-31,climatology,169,0.0500
2021-08-31,uniform,169,0.0500
2021-08-31,oracle,169,1.0000
2021-09-30,llm_sonnet_blinded,170,0.0585
2021-09-30,llm_sonnet_raw,170,0.1116
2021-09-30,llm_sonnet_dated,170,0.0639
2021-09-30,ml_logit,170,0.3058
2021-09-30,ml_gbt,170,0.2928
2021-09-30,ml_logit_blinded,170,0.3281
2021-09-30,ml_gbt_blinded,170,0.0916
2021-09-30,climatology,170,0.0500
2021-09-30,uniform,170,0.0500
2021-09-30,oracle,170,1.0000
2021-10-29,llm_sonnet_blinded,171,0.0500
2021-10-29,llm_sonnet_raw,171,0.1092
2021-10-29,llm_sonnet_dated,171,0.1303
2021-10-29,ml_logit,171,0.1901
2021-10-29,ml_gbt,171,0.1295
2021-10-29,ml_logit_blinded,171,0.2649
2021-10-29,ml_gbt_blinded,171,0.3418
2021-10-29,climatology,171,0.0500
2021-10-29,uniform,171,0.0500
2021-10-29,oracle,171,1.0000
2021-11-30,llm_sonnet_blinded,172,0.0768
2021-11-30,llm_sonnet_raw,172,0.1719
2021-11-30,llm_sonnet_dated,172,0.1233
2021-11-30,ml_logit,172,0.1350
2021-11-30,ml_gbt,172,0.3085
2021-11-30,ml_logit_blinded,172,0.2788
2021-11-30,ml_gbt_blinded,172,0.0987
2021-11-30,climatology,172,0.0500
2021-11-30,uniform,172,0.0500
2021-11-30,oracle,172,1.0000
2021-12-31,llm_sonnet_blinded,173,0.1286
2021-12-31,llm_sonnet_raw,173,0.2004
2021-12-31,llm_sonnet_dated,173,0.1626
2021-12-31,ml_logit,173,0.2579
2021-12-31,ml_gbt,173,0.2173
2021-12-31,ml_logit_blinded,173,0.2862
2021-12-31,ml_gbt_blinded,173,0.2338
2021-12-31,climatology,173,0.0500
2021-12-31,uniform,173,0.0500
2021-12-31,oracle,173,1.0000
2022-01-31,llm_sonnet_blinded,174,0.1170
2022-01-31,llm_sonnet_raw,174,0.1234
2022-01-31,llm_sonnet_dated,174,0.1379
2022-01-31,ml_logit,174,0.5333
2022-01-31,ml_gbt,174,0.3841
2022-01-31,ml_logit_blinded,174,0.3410
2022-01-31,ml_gbt_blinded,174,0.2209
2022-01-31,climatology,174,0.0500
2022-01-31,uniform,174,0.0500
2022-01-31,oracle,174,1.0000
2022-02-28,llm_sonnet_blinded,175,0.1579
2022-02-28,llm_sonnet_raw,175,0.1734
2022-02-28,llm_sonnet_dated,175,0.1788
2022-02-28,ml_logit,175,0.7406
2022-02-28,ml_gbt,175,0.4546
2022-02-28,ml_logit_blinded,175,0.5969
2022-02-28,ml_gbt_blinded,175,0.1485
2022-02-28,climatology,175,0.0500
2022-02-28,uniform,175,0.0500
2022-02-28,oracle,175,1.0000
2022-03-31,llm_sonnet_blinded,176,0.1586
2022-03-31,llm_sonnet_raw,176,0.2090
2022-03-31,llm_sonnet_dated,176,0.2007
2022-03-31,ml_logit,176,0.5279
2022-03-31,ml_gbt,176,0.1736
2022-03-31,ml_logit_blinded,176,0.6519
2022-03-31,ml_gbt_blinded,176,0.2875
2022-03-31,climatology,176,0.0500
2022-03-31,uniform,176,0.0500
2022-03-31,oracle,176,1.0000
2022-04-29,llm_sonnet_blinded,177,0.1183
2022-04-29,llm_sonnet_raw,177,0.1227
2022-04-29,llm_sonnet_dated,177,0.1838
2022-04-29,ml_logit,177,0.5248
2022-04-29,ml_gbt,177,0.2059
2022-04-29,ml_logit_blinded,177,0.5045
2022-04-29,ml_gbt_blinded,177,0.0500
2022-04-29,climatology,177,0.0500
2022-04-29,uniform,177,0.0500
2022-04-29,oracle,177,1.0000
2022-05-31,llm_sonnet_blinded,178,0.0500
2022-05-31,llm_sonnet_raw,178,0.1450
2022-05-31,llm_sonnet_dated,178,0.1170
2022-05-31,ml_logit,178,0.2523
2022-05-31,ml_gbt,178,0.0929
2022-05-31,ml_logit_blinded,178,0.3017
2022-05-31,ml_gbt_blinded,178,0.4116
2022-05-31,climatology,178,0.0500
2022-05-31,uniform,178,0.0500
2022-05-31,oracle,178,1.0000
2022-06-30,llm_sonnet_blinded,179,0.0656
2022-06-30,llm_sonnet_raw,179,0.2255
2022-06-30,llm_sonnet_dated,179,0.1579
2022-06-30,ml_logit,179,0.1979
2022-06-30,ml_gbt,179,0.0832
2022-06-30,ml_logit_blinded,179,0.1727
2022-06-30,ml_gbt_blinded,179,0.5121
2022-06-30,climatology,179,0.0500
2022-06-30,uniform,179,0.0500
2022-06-30,oracle,179,1.0000
2022-07-29,llm_sonnet_blinded,180,0.0500
2022-07-29,llm_sonnet_raw,180,0.0585
2022-07-29,llm_sonnet_dated,180,0.1273
2022-07-29,ml_logit,180,0.3555
2022-07-29,ml_gbt,180,0.2041
2022-07-29,ml_logit_blinded,180,0.3684
2022-07-29,ml_gbt_blinded,180,0.4706
2022-07-29,climatology,180,0.0500
2022-07-29,uniform,180,0.0500
2022-07-29,oracle,180,1.0000
2022-08-31,llm_sonnet_blinded,181,0.0500
2022-08-31,llm_sonnet_raw,181,0.1078
2022-08-31,llm_sonnet_dated,181,0.0829
2022-08-31,ml_logit,181,0.6101
2022-08-31,ml_gbt,181,0.4786
2022-08-31,ml_logit_blinded,181,0.2469
2022-08-31,ml_gbt_blinded,181,0.1340
2022-08-31,climatology,181,0.0500
2022-08-31,uniform,181,0.0500
2022-08-31,oracle,181,1.0000
2022-09-30,llm_sonnet_blinded,182,0.0500
2022-09-30,llm_sonnet_raw,182,0.1579
2022-09-30,llm_sonnet_dated,182,0.2190
2022-09-30,ml_logit,182,0.9094
2022-09-30,ml_gbt,182,0.4228
2022-09-30,ml_logit_blinded,182,0.6406
2022-09-30,ml_gbt_blinded,182,0.4285
2022-09-30,climatology,182,0.0500
2022-09-30,uniform,182,0.0500
2022-09-30,oracle,182,1.0000
2022-10-31,llm_sonnet_blinded,183,0.0500
2022-10-31,llm_sonnet_raw,183,0.0583
2022-10-31,llm_sonnet_dated,183,0.0768
2022-10-31,ml_logit,183,0.7043
2022-10-31,ml_gbt,183,0.5049
2022-10-31,ml_logit_blinded,183,0.5864
2022-10-31,ml_gbt_blinded,183,0.2625
2022-10-31,climatology,183,0.0500
2022-10-31,uniform,183,0.0500
2022-10-31,oracle,183,1.0000
2022-11-30,llm_sonnet_blinded,184,0.0500
2022-11-30,llm_sonnet_raw,184,0.0500
2022-11-30,llm_sonnet_dated,184,0.0628
2022-11-30,ml_logit,184,0.1065
2022-11-30,ml_gbt,184,0.1625
2022-11-30,ml_logit_blinded,184,0.0500
2022-11-30,ml_gbt_blinded,184,0.0870
2022-11-30,climatology,184,0.0500
2022-11-30,uniform,184,0.0500
2022-11-30,oracle,184,1.0000
2022-12-30,llm_sonnet_blinded,185,0.1208
2022-12-30,llm_sonnet_raw,185,0.0768
2022-12-30,llm_sonnet_dated,185,0.0768
2022-12-30,ml_logit,185,0.1460
2022-12-30,ml_gbt,185,0.1026
2022-12-30,ml_logit_blinded,185,0.1109
2022-12-30,ml_gbt_blinded,185,0.1337
2022-12-30,climatology,185,0.0500
2022-12-30,uniform,185,0.0500
2022-12-30,oracle,185,1.0000
2023-01-31,llm_sonnet_blinded,186,0.1817
2023-01-31,llm_sonnet_raw,186,0.1208
2023-01-31,llm_sonnet_dated,186,0.0600
2023-01-31,ml_logit,186,0.2425
2023-01-31,ml_gbt,186,0.1153
2023-01-31,ml_logit_blinded,186,0.1147
2023-01-31,ml_gbt_blinded,186,0.2989
2023-01-31,climatology,186,0.0500
2023-01-31,uniform,186,0.0500
2023-01-31,oracle,186,1.0000
2023-02-28,llm_sonnet_blinded,187,0.0500
2023-02-28,llm_sonnet_raw,187,0.0500
2023-02-28,llm_sonnet_dated,187,0.0500
2023-02-28,ml_logit,187,0.4420
2023-02-28,ml_gbt,187,0.2955
2023-02-28,ml_logit_blinded,187,0.2917
2023-02-28,ml_gbt_blinded,187,0.1603
2023-02-28,climatology,187,0.0500
2023-02-28,uniform,187,0.0500
2023-02-28,oracle,187,1.0000
2023-03-31,llm_sonnet_blinded,188,0.1054
2023-03-31,llm_sonnet_raw,188,0.0559
2023-03-31,llm_sonnet_dated,188,0.0585
2023-03-31,ml_logit,188,0.5443
2023-03-31,ml_gbt,188,0.1163
2023-03-31,ml_logit_blinded,188,0.1644
2023-03-31,ml_gbt_blinded,188,0.2731
2023-03-31,climatology,188,0.0500
2023-03-31,uniform,188,0.0500
2023-03-31,oracle,188,1.0000
2023-04-28,llm_sonnet_blinded,189,0.1208
2023-04-28,llm_sonnet_raw,189,0.0500
2023-04-28,llm_sonnet_dated,189,0.0768
2023-04-28,ml_logit,189,0.3291
2023-04-28,ml_gbt,189,0.1221
2023-04-28,ml_logit_blinded,189,0.1414
2023-04-28,ml_gbt_blinded,189,0.2242
2023-04-28,climatology,189,0.0500
2023-04-28,uniform,189,0.0500
2023-04-28,oracle,189,1.0000
2023-05-31,llm_sonnet_blinded,190,0.1573
2023-05-31,llm_sonnet_raw,190,0.0768
2023-05-31,llm_sonnet_dated,190,0.0925
2023-05-31,ml_logit,190,0.3951
2023-05-31,ml_gbt,190,0.1653
2023-05-31,ml_logit_blinded,190,0.1971
2023-05-31,ml_gbt_blinded,190,0.4399
2023-05-31,climatology,190,0.0500
2023-05-31,uniform,190,0.0500
2023-05-31,oracle,190,1.0000
2023-06-30,llm_sonnet_blinded,191,0.1326
2023-06-30,llm_sonnet_raw,191,0.0768
2023-06-30,llm_sonnet_dated,191,0.0500
2023-06-30,ml_logit,191,0.1774
2023-06-30,ml_gbt,191,0.1576
2023-06-30,ml_logit_blinded,191,0.0555
2023-06-30,ml_gbt_blinded,191,0.1890
2023-06-30,climatology,191,0.0500
2023-06-30,uniform,191,0.0500
2023-06-30,oracle,191,1.0000
2023-07-31,llm_sonnet_blinded,192,0.1609
2023-07-31,llm_sonnet_raw,192,0.0768
2023-07-31,llm_sonnet_dated,192,0.1079
2023-07-31,ml_logit,192,0.0695
2023-07-31,ml_gbt,192,0.1844
2023-07-31,ml_logit_blinded,192,0.0500
2023-07-31,ml_gbt_blinded,192,0.1605
2023-07-31,climatology,192,0.0500
2023-07-31,uniform,192,0.0500
2023-07-31,oracle,192,1.0000
2023-08-31,llm_sonnet_blinded,193,0.1419
2023-08-31,llm_sonnet_raw,193,0.1057
2023-08-31,llm_sonnet_dated,193,0.0987
2023-08-31,ml_logit,193,0.1736
2023-08-31,ml_gbt,193,0.2659
2023-08-31,ml_logit_blinded,193,0.1814
2023-08-31,ml_gbt_blinded,193,0.1819
2023-08-31,climatology,193,0.0500
2023-08-31,uniform,193,0.0500
2023-08-31,oracle,193,1.0000
2023-09-29,llm_sonnet_blinded,194,0.0846
2023-09-29,llm_sonnet_raw,194,0.0711
2023-09-29,llm_sonnet_dated,194,0.0500
2023-09-29,ml_logit,194,0.1745
2023-09-29,ml_gbt,194,0.2089
2023-09-29,ml_logit_blinded,194,0.2927
2023-09-29,ml_gbt_blinded,194,0.1619
2023-09-29,climatology,194,0.0500
2023-09-29,uniform,194,0.0500
2023-09-29,oracle,194,1.0000
2023-10-31,llm_sonnet_blinded,195,0.0500
2023-10-31,llm_sonnet_raw,195,0.0500
2023-10-31,llm_sonnet_dated,195,0.0500
2023-10-31,ml_logit,195,0.0607
2023-10-31,ml_gbt,195,0.0500
2023-10-31,ml_logit_blinded,195,0.0974
2023-10-31,ml_gbt_blinded,195,0.3957
2023-10-31,climatology,195,0.0500
2023-10-31,uniform,195,0.0500
2023-10-31,oracle,195,1.0000
2023-11-30,llm_sonnet_blinded,196,0.1208
2023-11-30,llm_sonnet_raw,196,0.1390
2023-11-30,llm_sonnet_dated,196,0.1357
2023-11-30,ml_logit,196,0.1177
2023-11-30,ml_gbt,196,0.1123
2023-11-30,ml_logit_blinded,196,0.1404
2023-11-30,ml_gbt_blinded,196,0.0500
2023-11-30,climatology,196,0.0500
2023-11-30,uniform,196,0.0500
2023-11-30,oracle,196,1.0000
2023-12-29,llm_sonnet_blinded,197,0.0925
2023-12-29,llm_sonnet_raw,197,0.1533
2023-12-29,llm_sonnet_dated,197,0.1817
2023-12-29,ml_logit,197,0.2957
2023-12-29,ml_gbt,197,0.0500
2023-12-29,ml_logit_blinded,197,0.2217
2023-12-29,ml_gbt_blinded,197,0.0713
2023-12-29,climatology,197,0.0500
2023-12-29,uniform,197,0.0500
2023-12-29,oracle,197,1.0000
2024-01-31,llm_sonnet_blinded,198,0.2023
2024-01-31,llm_sonnet_raw,198,0.0957
2024-01-31,llm_sonnet_dated,198,0.1602
2024-01-31,ml_logit,198,0.3486
2024-01-31,ml_gbt,198,0.2337
2024-01-31,ml_logit_blinded,198,0.2840
2024-01-31,ml_gbt_blinded,198,0.1428
2024-01-31,climatology,198,0.0500
2024-01-31,uniform,198,0.0500
2024-01-31,oracle,198,1.0000
2024-02-29,llm_sonnet_blinded,199,0.1195
2024-02-29,llm_sonnet_raw,199,0.1286
2024-02-29,llm_sonnet_dated,199,0.0768
2024-02-29,ml_logit,199,0.0807
2024-02-29,ml_gbt,199,0.0974
2024-02-29,ml_logit_blinded,199,0.0911
2024-02-29,ml_gbt_blinded,199,0.0500
2024-02-29,climatology,199,0.0500
2024-02-29,uniform,199,0.0500
2024-02-29,oracle,199,1.0000
2024-03-28,llm_sonnet_blinded,200,0.1172
2024-03-28,llm_sonnet_raw,200,0.0768
2024-03-28,llm_sonnet_dated,200,0.0500
2024-03-28,ml_logit,200,0.0527
2024-03-28,ml_gbt,200,0.4159
2024-03-28,ml_logit_blinded,200,0.0598
2024-03-28,ml_gbt_blinded,200,0.1658
2024-03-28,climatology,200,0.0500
2024-03-28,uniform,200,0.0500
2024-03-28,oracle,200,1.0000
2024-04-30,llm_sonnet_blinded,201,0.0500
2024-04-30,llm_sonnet_raw,201,0.0500
2024-04-30,llm_sonnet_dated,201,0.0500
2024-04-30,ml_logit,201,0.2656
2024-04-30,ml_gbt,201,0.1638
2024-04-30,ml_logit_blinded,201,0.2439
2024-04-30,ml_gbt_blinded,201,0.0845
2024-04-30,climatology,201,0.0500
2024-04-30,uniform,201,0.0500
2024-04-30,oracle,201,1.0000
2024-05-31,llm_sonnet_blinded,202,0.0571
2024-05-31,llm_sonnet_raw,202,0.0500
2024-05-31,llm_sonnet_dated,202,0.0500
2024-05-31,ml_logit,202,0.1135
2024-05-31,ml_gbt,202,0.1346
2024-05-31,ml_logit_blinded,202,0.3229
2024-05-31,ml_gbt_blinded,202,0.1748
2024-05-31,climatology,202,0.0500
2024-05-31,uniform,202,0.0500
2024-05-31,oracle,202,1.0000
2024-06-28,llm_sonnet_blinded,203,0.1135
2024-06-28,llm_sonnet_raw,203,0.0925
2024-06-28,llm_sonnet_dated,203,0.1370
2024-06-28,ml_logit,203,0.1555
2024-06-28,ml_gbt,203,0.2691
2024-06-28,ml_logit_blinded,203,0.1721
2024-06-28,ml_gbt_blinded,203,0.0840
2024-06-28,climatology,203,0.0500
2024-06-28,uniform,203,0.0500
2024-06-28,oracle,203,1.0000
2024-07-31,llm_sonnet_blinded,204,0.1427
2024-07-31,llm_sonnet_raw,204,0.1222
2024-07-31,llm_sonnet_dated,204,0.1390
2024-07-31,ml_logit,204,0.1277
2024-07-31,ml_gbt,204,0.1207
2024-07-31,ml_logit_blinded,204,0.2133
2024-07-31,ml_gbt_blinded,204,0.0792
2024-07-31,climatology,204,0.0500
2024-07-31,uniform,204,0.0500
2024-07-31,oracle,204,1.0000
2024-08-30,llm_sonnet_blinded,205,0.1398
2024-08-30,llm_sonnet_raw,205,0.1419
2024-08-30,llm_sonnet_dated,205,0.1419
2024-08-30,ml_logit,205,0.0836
2024-08-30,ml_gbt,205,0.2649
2024-08-30,ml_logit_blinded,205,0.2103
2024-08-30,ml_gbt_blinded,205,0.0500
2024-08-30,climatology,205,0.0500
2024-08-30,uniform,205,0.0500
2024-08-30,oracle,205,1.0000
2024-09-30,llm_sonnet_blinded,206,0.1155
2024-09-30,llm_sonnet_raw,206,0.1398
2024-09-30,llm_sonnet_dated,206,0.1208
2024-09-30,ml_logit,206,0.1257
2024-09-30,ml_gbt,206,0.0500
2024-09-30,ml_logit_blinded,206,0.1391
2024-09-30,ml_gbt_blinded,206,0.2863
2024-09-30,climatology,206,0.0500
2024-09-30,uniform,206,0.0500
2024-09-30,oracle,206,1.0000
2024-10-31,llm_sonnet_blinded,207,0.0500
2024-10-31,llm_sonnet_raw,207,0.0500
2024-10-31,llm_sonnet_dated,207,0.0500
2024-10-31,ml_logit,207,0.3472
2024-10-31,ml_gbt,207,0.2710
2024-10-31,ml_logit_blinded,207,0.4493
2024-10-31,ml_gbt_blinded,207,0.1936
2024-10-31,climatology,207,0.0500
2024-10-31,uniform,207,0.0500
2024-10-31,oracle,207,1.0000
2024-11-29,llm_sonnet_blinded,208,0.1172
2024-11-29,llm_sonnet_raw,208,0.0500
2024-11-29,llm_sonnet_dated,208,0.0500
2024-11-29,ml_logit,208,0.1624
2024-11-29,ml_gbt,208,0.0500
2024-11-29,ml_logit_blinded,208,0.2878
2024-11-29,ml_gbt_blinded,208,0.2981
2024-11-29,climatology,208,0.0500
2024-11-29,uniform,208,0.0500
2024-11-29,oracle,208,1.0000
2024-12-31,llm_sonnet_blinded,209,0.0500
2024-12-31,llm_sonnet_raw,209,0.0500
2024-12-31,llm_sonnet_dated,209,0.0500
2024-12-31,ml_logit,209,0.3487
2024-12-31,ml_gbt,209,0.1581
2024-12-31,ml_logit_blinded,209,0.4075
2024-12-31,ml_gbt_blinded,209,0.1110
2024-12-31,climatology,209,0.0500
2024-12-31,uniform,209,0.0500
2024-12-31,oracle,209,1.0000
2025-01-31,llm_sonnet_blinded,210,0.0678
2025-01-31,llm_sonnet_raw,210,0.0500
2025-01-31,llm_sonnet_dated,210,0.0500
2025-01-31,ml_logit,210,0.1007
2025-01-31,ml_gbt,210,0.0545
2025-01-31,ml_logit_blinded,210,0.5040
2025-01-31,ml_gbt_blinded,210,0.1147
2025-01-31,climatology,210,0.0500
2025-01-31,uniform,210,0.0500
2025-01-31,oracle,210,1.0000
2025-02-28,llm_sonnet_blinded,211,0.0739
2025-02-28,llm_sonnet_raw,211,0.0500
2025-02-28,llm_sonnet_dated,211,0.0500
2025-02-28,ml_logit,211,0.0574
2025-02-28,ml_gbt,211,0.0500
2025-02-28,ml_logit_blinded,211,0.1831
2025-02-28,ml_gbt_blinded,211,0.1053
2025-02-28,climatology,211,0.0500
2025-02-28,uniform,211,0.0500
2025-02-28,oracle,211,1.0000
2025-03-31,llm_sonnet_blinded,212,0.0544
2025-03-31,llm_sonnet_raw,212,0.0571
2025-03-31,llm_sonnet_dated,212,0.0500
2025-03-31,ml_logit,212,0.1458
2025-03-31,ml_gbt,212,0.1453
2025-03-31,ml_logit_blinded,212,0.2474
2025-03-31,ml_gbt_blinded,212,0.3085
2025-03-31,climatology,212,0.0500
2025-03-31,uniform,212,0.0500
2025-03-31,oracle,212,1.0000
2025-04-30,llm_sonnet_blinded,213,0.2635
2025-04-30,llm_sonnet_raw,213,0.2671
2025-04-30,llm_sonnet_dated,213,0.1586
2025-04-30,ml_logit,213,0.3020
2025-04-30,ml_gbt,213,0.1376
2025-04-30,ml_logit_blinded,213,0.4820
2025-04-30,ml_gbt_blinded,213,0.1451
2025-04-30,climatology,213,0.0500
2025-04-30,uniform,213,0.0500
2025-04-30,oracle,213,1.0000
2025-05-30,llm_sonnet_blinded,214,0.1195
2025-05-30,llm_sonnet_raw,214,0.0883
2025-05-30,llm_sonnet_dated,214,0.0731
2025-05-30,ml_logit,214,0.1833
2025-05-30,ml_gbt,214,0.0679
2025-05-30,ml_logit_blinded,214,0.5302
2025-05-30,ml_gbt_blinded,214,0.1994
2025-05-30,climatology,214,0.0500
2025-05-30,uniform,214,0.0500
2025-05-30,oracle,214,1.0000
2025-06-30,llm_sonnet_blinded,215,0.1204
2025-06-30,llm_sonnet_raw,215,0.0883
2025-06-30,llm_sonnet_dated,215,0.0500
2025-06-30,ml_logit,215,0.1410
2025-06-30,ml_gbt,215,0.0738
2025-06-30,ml_logit_blinded,215,0.5353
2025-06-30,ml_gbt_blinded,215,0.2271
2025-06-30,climatology,215,0.0500
2025-06-30,uniform,215,0.0500
2025-06-30,oracle,215,1.0000
2025-07-31,llm_sonnet_blinded,216,0.0776
2025-07-31,llm_sonnet_raw,216,0.0500
2025-07-31,llm_sonnet_dated,216,0.0500
2025-07-31,ml_logit,216,0.2544
2025-07-31,ml_gbt,216,0.1565
2025-07-31,ml_logit_blinded,216,0.4845
2025-07-31,ml_gbt_blinded,216,0.1797
2025-07-31,climatology,216,0.0500
2025-07-31,uniform,216,0.0500
2025-07-31,oracle,216,1.0000
2025-08-29,llm_sonnet_blinded,217,0.0500
2025-08-29,llm_sonnet_raw,217,0.0500
2025-08-29,llm_sonnet_dated,217,0.0500
2025-08-29,ml_logit,217,0.1919
2025-08-29,ml_gbt,217,0.0500
2025-08-29,ml_logit_blinded,217,0.6622
2025-08-29,ml_gbt_blinded,217,0.1557
2025-08-29,climatology,217,0.0500
2025-08-29,uniform,217,0.0500
2025-08-29,oracle,217,
2025-09-30,llm_sonnet_blinded,218,0.0628
2025-09-30,llm_sonnet_raw,218,0.0889
2025-09-30,llm_sonnet_dated,218,0.0628
2025-09-30,ml_logit,218,0.5971
2025-09-30,ml_gbt,218,0.0995
2025-09-30,ml_logit_blinded,218,0.8221
2025-09-30,ml_gbt_blinded,218,0.2800
2025-09-30,climatology,218,0.0500
2025-09-30,uniform,218,0.0500
2025-09-30,oracle,218,1.0000
2025-10-31,llm_sonnet_blinded,218,0.0570
2025-10-31,llm_sonnet_raw,218,0.0500
2025-10-31,llm_sonnet_dated,218,0.0500
2025-10-31,ml_logit,218,0.5713
2025-10-31,ml_gbt,218,0.0603
2025-10-31,ml_logit_blinded,218,0.3892
2025-10-31,ml_gbt_blinded,218,0.0705
2025-10-31,climatology,218,0.0500
2025-10-31,uniform,218,0.0500
2025-10-31,oracle,218,1.0000
2025-11-28,llm_sonnet_blinded,218,0.1055
2025-11-28,llm_sonnet_raw,218,0.0500
2025-11-28,llm_sonnet_dated,218,0.0500
2025-11-28,ml_logit,218,0.6648
2025-11-28,ml_gbt,218,0.1917
2025-11-28,ml_logit_blinded,218,0.5493
2025-11-28,ml_gbt_blinded,218,0.1440
2025-11-28,climatology,218,0.0500
2025-11-28,uniform,218,0.0500
2025-11-28,oracle,218,
2025-12-31,llm_sonnet_blinded,220,0.0500
2025-12-31,llm_sonnet_raw,220,0.0582
2025-12-31,llm_sonnet_dated,220,0.0585
2025-12-31,ml_logit,220,0.6287
2025-12-31,ml_gbt,220,0.2679
2025-12-31,ml_logit_blinded,220,0.3579
2025-12-31,ml_gbt_blinded,220,0.3086
2025-12-31,climatology,220,0.0500
2025-12-31,uniform,220,0.0500
2025-12-31,oracle,220,1.0000
2026-01-30,llm_sonnet_blinded,221,0.0522
2026-01-30,llm_sonnet_raw,221,0.1054
2026-01-30,llm_sonnet_dated,221,0.0751
2026-01-30,ml_logit,221,0.6752
2026-01-30,ml_gbt,221,0.3265
2026-01-30,ml_logit_blinded,221,0.1934
2026-01-30,ml_gbt_blinded,221,0.6611
2026-01-30,climatology,221,0.0500
2026-01-30,uniform,221,0.0500
2026-01-30,oracle,221,1.0000
2026-02-27,llm_sonnet_blinded,221,0.0768
2026-02-27,llm_sonnet_raw,221,0.0772
2026-02-27,llm_sonnet_dated,221,0.0925
2026-02-27,ml_logit,221,0.6886
2026-02-27,ml_gbt,221,0.2441
2026-02-27,ml_logit_blinded,221,0.2939
2026-02-27,ml_gbt_blinded,221,0.3317
2026-02-27,climatology,221,0.0500
2026-02-27,uniform,221,0.0500
2026-02-27,oracle,221,1.0000
2026-03-31,llm_sonnet_blinded,222,0.0500
2026-03-31,llm_sonnet_raw,222,0.0711
2026-03-31,llm_sonnet_dated,222,0.0739
2026-03-31,ml_logit,222,0.4862
2026-03-31,ml_gbt,222,0.2470
2026-03-31,ml_logit_blinded,222,0.2214
2026-03-31,ml_gbt_blinded,222,0.1078
2026-03-31,climatology,222,0.0500
2026-03-31,uniform,222,0.0500
2026-03-31,oracle,222,
2026-04-30,llm_sonnet_blinded,223,0.1368
2026-04-30,llm_sonnet_raw,223,0.0500
2026-04-30,llm_sonnet_dated,223,0.0500
2026-04-30,ml_logit,223,0.2422
2026-04-30,ml_gbt,223,0.1914
2026-04-30,ml_logit_blinded,223,0.6697
2026-04-30,ml_gbt_blinded,223,0.2154
2026-04-30,climatology,223,0.0500
2026-04-30,uniform,223,0.0500
2026-04-30,oracle,223,
2026-05-29,llm_sonnet_blinded,224,0.1376
2026-05-29,llm_sonnet_raw,224,0.1303
2026-05-29,llm_sonnet_dated,224,0.1251
2026-05-29,ml_logit,224,0.3931
2026-05-29,ml_gbt,224,0.2595
2026-05-29,ml_logit_blinded,224,0.3990
2026-05-29,ml_gbt_blinded,224,0.2466
2026-05-29,climatology,224,0.0500
2026-05-29,uniform,224,0.0500
2026-05-29,oracle,224,
